# File exported by ZBrush version 4.73
# www.zbrush.com
#Vertex Count 1944
#UV Vertex Count 2203
#Face Count 1928
#Auto scale x=1.545515 y=1.545515 z=1.545515
#Auto offset x=-0.000000 y=-0.000000 z=-0.000000
mtllib rail999.mtl
usemtl defaultMat
v -0.04369995 0.14525906 2.29042303
v 0.04850233 0.14525906 2.29042303
v -0.05444072 0.13891813 2.29042303
v -0.04369995 0.13891813 2.29042303
v 0.05930779 0.13891813 2.29042303
v 0.04850233 0.13891813 2.29042303
v -0.05444072 0.12325992 2.29042303
v -0.04369995 0.12325992 2.29042303
v 0.05930779 0.12325992 2.29042303
v 0.04850233 0.12325992 2.29042303
v -0.01652454 0.10391361 2.29042303
v -0.01290117 0.10391361 2.29042303
v 0.02132692 0.10391361 2.29042303
v 0.01776822 0.10391361 2.29042303
v 0.63135027 0.14525906 2.29042303
v 0.62054479 0.13891813 2.29042303
v 0.63135027 0.13891813 2.29042303
v 0.62054479 0.12325992 2.29042303
v 0.63135027 0.12325992 2.29042303
v 0.7235526 0.14525906 2.29042303
v 0.7235526 0.13891813 2.29042303
v 0.73429329 0.13891813 2.29042303
v 0.73429329 0.12325992 2.29042303
v 0.7235526 0.12325992 2.29042303
v 0.65852565 0.10391361 2.29042303
v 0.66208438 0.10391361 2.29042303
v 0.69275378 0.10391361 2.29042303
v 0.69637715 0.10391361 2.29042303
v -0.02189492 0.05596841 2.29042303
v -0.01555398 0.05661544 2.29042303
v 0.026762 0.05596841 2.29042303
v 0.02042106 0.05661544 2.29042303
v 0.65943157 0.05661544 2.29042303
v 0.65309059 0.05596841 2.29042303
v 0.69540659 0.05661544 2.29042303
v 0.70174757 0.05596841 2.29042303
v -0.04369995 0.14525906 0.36782703
v 0.04850233 0.14525906 0.36782703
v -0.05444072 0.13891813 0.36782703
v 0.05930779 0.13891813 0.36782703
v -0.05444072 0.12325992 0.36782703
v 0.05930779 0.12325992 0.36782703
v -0.01652454 0.10391361 0.36782703
v 0.02132692 0.10391361 0.36782703
v 0.63135027 0.14525906 0.36782703
v 0.62054479 0.13891813 0.36782703
v 0.62054479 0.12325992 0.36782703
v 0.7235526 0.14525906 0.36782703
v 0.73429329 0.13891813 0.36782703
v 0.73429329 0.12325992 0.36782703
v 0.69637715 0.10391361 0.36782703
v 0.65852565 0.10391361 0.36782703
v -0.02189492 0.05596841 0.36782703
v 0.026762 0.05596841 0.36782703
v 0.70174757 0.05596841 0.36782703
v 0.65309059 0.05596841 0.36782703
v -0.0480351 0.04406299 2.29042303
v -0.03664731 0.04108664 2.29042303
v 0.05290216 0.04406299 2.29042303
v 0.04144967 0.04108664 2.29042303
v -0.15311338 0.03351634 2.19828526
v -0.15311338 0.03351634 2.11061223
v -0.05282314 0.03862791 2.29042303
v -0.04253529 0.03785147 2.29042303
v 0.0576255 0.03862791 2.29042303
v 0.04733767 0.03785147 2.29042303
v -0.15311338 0.03351634 1.93908359
v -0.15311338 0.03351634 1.85141056
v -0.05528189 0.02607545 2.29042303
v 0.06014894 0.02607545 2.29042303
v -0.15311338 0.01591702 2.22649598
v -0.17453016 0.01591702 2.19828526
v -0.15311338 0.01591702 2.0824663
v -0.17453016 0.01591702 2.11061223
v -0.17453016 0.01591702 1.93908359
v -0.15311338 0.01591702 1.96722952
v -0.15311338 0.01591702 1.82319984
v -0.17453016 0.01591702 1.85141056
v -0.15311338 0.03351634 1.68473479
v -0.15311338 0.03351634 1.5970616
v -0.15311338 0.03351634 1.43252101
v -0.15311338 0.03351634 1.34484797
v -0.17453016 0.01591702 1.68473479
v -0.15311338 0.01591702 1.71288072
v -0.15311338 0.01591702 1.56885103
v -0.17453016 0.01591702 1.5970616
v -0.15311338 0.01591702 1.46073173
v -0.17453016 0.01591702 1.43252101
v -0.15311338 0.01591702 1.31670204
v -0.17453016 0.01591702 1.34484797
v 0.63840295 0.04108664 2.29042303
v 0.62695045 0.04406299 2.29042303
v 0.63251493 0.03785147 2.29042303
v 0.62222713 0.03862791 2.29042303
v 0.71649992 0.04108664 2.29042303
v 0.72788775 0.04406299 2.29042303
v 0.73267575 0.03862791 2.29042303
v 0.7223879 0.03785147 2.29042303
v 0.83296603 0.03351634 2.19828526
v 0.83296603 0.03351634 2.11061223
v 0.83296603 0.03351634 1.93908359
v 0.83296603 0.03351634 1.85141056
v 0.61970366 0.02607545 2.29042303
v 0.7351345 0.02607545 2.29042303
v 0.85438277 0.01591702 2.19828526
v 0.83296603 0.01591702 2.22649598
v 0.83296603 0.01591702 2.0824663
v 0.85438277 0.01591702 2.11061223
v 0.85438277 0.01591702 1.93908359
v 0.83296603 0.01591702 1.96722952
v 0.83296603 0.01591702 1.82319984
v 0.85438277 0.01591702 1.85141056
v 0.83296603 0.03351634 1.68473479
v 0.83296603 0.03351634 1.5970616
v 0.83296603 0.03351634 1.43252101
v 0.83296603 0.03351634 1.34484797
v 0.85438277 0.01591702 1.68473479
v 0.83296603 0.01591702 1.71288072
v 0.85438277 0.01591702 1.5970616
v 0.83296603 0.01591702 1.56885103
v 0.85438277 0.01591702 1.43252101
v 0.83296603 0.01591702 1.46073173
v 0.85438277 0.01591702 1.34484797
v 0.83296603 0.01591702 1.31670204
v -0.17453016 -0 2.19828526
v -0.15311338 -0 2.22649598
v -0.15311338 -0 2.0824663
v -0.17453016 -0 2.11061223
v -0.17453016 -0 1.93908359
v -0.15311338 -0 1.96722952
v -0.15311338 -0 1.82319984
v -0.17453016 -0 1.85141056
v -0.15311338 -0.02769304 2.19828526
v -0.15311338 -0.02769304 2.11061223
v -0.04434701 -0.03636329 2.29042303
v 0.04921407 -0.03636329 2.29042303
v -0.15311338 -0.02769304 1.93908359
v -0.15311338 -0.02769304 1.85141056
v -0.17453016 -0 1.68473479
v -0.15311338 -0 1.71288072
v -0.15311338 -0 1.56885103
v -0.17453016 -0 1.5970616
v -0.15311338 -0 1.46073173
v -0.17453016 -0 1.43252101
v -0.15311338 -0 1.31670204
v -0.17453016 -0 1.34484797
v -0.15311338 -0.02769304 1.68473479
v -0.15311338 -0.02769304 1.5970616
v -0.15311338 -0.02769304 1.43252101
v -0.15311338 -0.02769304 1.34484797
v 0.85438277 -0 2.19828526
v 0.83296603 -0 2.22649598
v 0.83296603 -0 2.0824663
v 0.85438277 -0 2.11061223
v 0.85438277 -0 1.93908359
v 0.83296603 -0 1.96722952
v 0.85438277 -0 1.85141056
v 0.83296603 -0 1.82319984
v 0.63063853 -0.03636329 2.29042303
v 0.83296603 -0.02769304 2.19828526
v 0.83296603 -0.02769304 2.11061223
v 0.72419959 -0.03636329 2.29042303
v 0.83296603 -0.02769304 1.93908359
v 0.83296603 -0.02769304 1.85141056
v 0.85438277 -0 1.68473479
v 0.83296603 -0 1.71288072
v 0.83296603 -0 1.56885103
v 0.85438277 -0 1.5970616
v 0.83296603 -0 1.46073173
v 0.85438277 -0 1.43252101
v 0.85438277 -0 1.34484797
v 0.83296603 -0 1.31670204
v 0.83296603 -0.02769304 1.68473479
v 0.83296603 -0.02769304 1.5970616
v 0.83296603 -0.02769304 1.43252101
v 0.83296603 -0.02769304 1.34484797
v -0.15311338 0.03351634 1.17331926
v -0.15311338 0.03351634 1.08506388
v -0.15311338 0.03351634 0.82586213
v -0.15311338 0.03351634 0.91353525
v -0.15311338 0.01591702 1.20146527
v -0.17453016 0.01591702 1.17331926
v -0.17453016 0.01591702 1.08506388
v -0.15311338 0.01591702 1.05691795
v -0.15311338 0.01591702 0.94168125
v -0.17453016 0.01591702 0.82586213
v -0.17453016 0.01591702 0.91353525
v -0.15311338 0.03351634 0.66132154
v -0.15311338 0.03351634 0.57364843
v -0.0480351 0.04406299 0.36782703
v 0.05290216 0.04406299 0.36782703
v -0.15311338 0.03351634 0.40697258
v -0.15311338 0.03351634 0.32868147
v -0.05282314 0.03862791 0.36782703
v 0.0576255 0.03862791 0.36782703
v -0.15311338 0.01591702 0.79765156
v -0.15311338 0.01591702 0.68953219
v -0.17453016 0.01591702 0.57364843
v -0.17453016 0.01591702 0.66132154
v -0.05528189 0.02607545 0.36782703
v 0.06014894 0.02607545 0.36782703
v -0.15311338 0.01591702 0.5455025
v -0.15311338 0.01591702 0.43518323
v -0.17453016 0.01591702 0.40697258
v -0.17453016 0.01591702 0.32868147
v 0.83296603 0.03351634 1.08506388
v 0.83296603 0.03351634 1.17331926
v 0.83296603 0.03351634 0.82586213
v 0.83296603 0.03351634 0.91353525
v 0.83296603 0.01591702 1.20146527
v 0.83296603 0.01591702 1.05691795
v 0.85438277 0.01591702 1.08506388
v 0.85438277 0.01591702 1.17331926
v 0.83296603 0.01591702 0.94168125
v 0.85438277 0.01591702 0.82586213
v 0.85438277 0.01591702 0.91353525
v 0.62695045 0.04406299 0.36782703
v 0.62222713 0.03862791 0.36782703
v 0.83296603 0.03351634 0.57364843
v 0.83296603 0.03351634 0.66132154
v 0.72788775 0.04406299 0.36782703
v 0.73267575 0.03862791 0.36782703
v 0.83296603 0.03351634 0.40697258
v 0.83296603 0.03351634 0.32868147
v 0.61970366 0.02607545 0.36782703
v 0.83296603 0.01591702 0.68953219
v 0.83296603 0.01591702 0.79765156
v 0.85438277 0.01591702 0.66132154
v 0.85438277 0.01591702 0.57364843
v 0.7351345 0.02607545 0.36782703
v 0.83296603 0.01591702 0.5455025
v 0.83296603 0.01591702 0.43518323
v 0.85438277 0.01591702 0.40697258
v 0.85438277 0.01591702 0.32868147
v -0.15311338 -0 1.20146527
v -0.17453016 -0 1.08506388
v -0.15311338 -0 1.05691795
v -0.17453016 -0 1.17331926
v -0.15311338 -0 0.94168125
v -0.17453016 -0 0.82586213
v -0.17453016 -0 0.91353525
v -0.15311338 -0.02769304 1.17331926
v -0.15311338 -0.02769304 1.08506388
v -0.15311338 -0.02769304 0.91353525
v -0.15311338 -0.02769304 0.82586213
v -0.15311338 -0 0.79765156
v -0.15311338 -0 0.68953219
v -0.17453016 -0 0.57364843
v -0.17453016 -0 0.66132154
v -0.15311338 -0 0.5455025
v -0.15311338 -0 0.43518323
v -0.17453016 -0 0.40697258
v -0.17453016 -0 0.32868147
v -0.15311338 -0.02769304 0.57364843
v -0.15311338 -0.02769304 0.66132154
v -0.15311338 -0.02769304 0.40697258
v -0.15311338 -0.02769304 0.32868147
v -0.04434701 -0.03636329 0.36782703
v 0.04921407 -0.03636329 0.36782703
v 0.83296603 -0 1.20146527
v 0.83296603 -0 1.05691795
v 0.85438277 -0 1.17331926
v 0.85438277 -0 1.08506388
v 0.83296603 -0 0.94168125
v 0.85438277 -0 0.82586213
v 0.85438277 -0 0.91353525
v 0.83296603 -0.02769304 1.17331926
v 0.83296603 -0.02769304 1.08506388
v 0.83296603 -0.02769304 0.91353525
v 0.83296603 -0.02769304 0.82586213
v 0.83296603 -0 0.68953219
v 0.83296603 -0 0.79765156
v 0.85438277 -0 0.66132154
v 0.85438277 -0 0.57364843
v 0.83296603 -0 0.5455025
v 0.83296603 -0 0.43518323
v 0.85438277 -0 0.40697258
v 0.85438277 -0 0.32868147
v 0.63063853 -0.03636329 0.36782703
v 0.83296603 -0.02769304 0.57364843
v 0.83296603 -0.02769304 0.66132154
v 0.83296603 -0.02769304 0.40697258
v 0.83296603 -0.02769304 0.32868147
v 0.72419959 -0.03636329 0.36782703
v -0.04369995 0.14525906 -1.55476881
v 0.04850233 0.14525906 -1.55476881
v -0.05444072 0.13891813 -1.55476881
v 0.05930779 0.13891813 -1.55476881
v -0.05444072 0.12325992 -1.55476881
v 0.05930779 0.12325992 -1.55476881
v -0.01652454 0.10391361 -1.55476881
v 0.02132692 0.10391361 -1.55476881
v 0.63135027 0.14525906 -1.55476881
v 0.62054479 0.13891813 -1.55476881
v 0.62054479 0.12325992 -1.55476881
v 0.7235526 0.14525906 -1.55476881
v 0.73429329 0.13891813 -1.55476881
v 0.73429329 0.12325992 -1.55476881
v 0.65852565 0.10391361 -1.55476881
v 0.69637715 0.10391361 -1.55476881
v -0.02189492 0.05596841 -1.55476881
v 0.026762 0.05596841 -1.55476881
v 0.65309059 0.05596841 -1.55476881
v 0.70174757 0.05596841 -1.55476881
v -0.95938207 0.03351634 0.07433255
v -0.95938207 0.03351634 0.16200561
v -0.85792716 0.03351634 -0.0902081
v -0.85792716 0.03351634 -0.17788118
v -0.95938207 0.01591702 0.19015158
v -0.15311338 0.01591702 0.30047083
v -0.98079881 0.01591702 0.16200561
v -0.98079881 0.01591702 0.07433255
v -0.85792716 0.01591702 -0.06199746
v -0.95938207 0.01591702 0.04612187
v -0.87927927 0.01591702 -0.0902081
v -0.87927927 0.01591702 -0.17788118
v -0.75640755 0.03351634 -0.4376652
v -0.75640755 0.03351634 -0.34940981
v -0.65255868 0.03351634 -0.60919383
v -0.85792716 0.01591702 -0.20602715
v -0.77782437 0.01591702 -0.4376652
v -0.77782437 0.01591702 -0.34940981
v -0.75640755 0.01591702 -0.32126388
v -0.75640755 0.01591702 -0.4658112
v -0.65255868 0.01591702 -0.5810479
v -0.6739755 0.01591702 -0.60919383
v 0.83296603 0.03351634 0.16200561
v 0.83296603 0.03351634 0.07433255
v 0.83296603 0.03351634 -0.0902081
v 0.83296603 0.03351634 -0.17788118
v 0.83296603 0.01591702 0.19015158
v 0.83296603 0.01591702 0.30047083
v 0.85438277 0.01591702 0.07433255
v 0.85438277 0.01591702 0.16200561
v 0.83296603 0.01591702 0.04612187
v 0.83296603 0.01591702 -0.06199746
v 0.85438277 0.01591702 -0.0902081
v 0.85438277 0.01591702 -0.17788118
v 0.83296603 0.03351634 -0.34940981
v 0.83296603 0.03351634 -0.4376652
v 0.83296603 0.03351634 -0.60919383
v 0.83296603 0.01591702 -0.20602715
v 0.83296603 0.01591702 -0.32126388
v 0.85438277 0.01591702 -0.34940981
v 0.85438277 0.01591702 -0.4376652
v 0.83296603 0.01591702 -0.4658112
v 0.85438277 0.01591702 -0.60919383
v 0.83296603 0.01591702 -0.5810479
v -0.95938207 -0 0.19015158
v -0.15311338 -0 0.30047083
v -0.98079881 -0 0.16200561
v -0.98079881 -0 0.07433255
v -0.85792716 -0 -0.06199746
v -0.95938207 -0 0.04612187
v -0.87927927 -0 -0.0902081
v -0.87927927 -0 -0.17788118
v -0.95938207 -0.02769304 0.16200561
v -0.95938207 -0.02769304 0.07433255
v -0.85792716 -0.02769304 -0.17788118
v -0.85792716 -0.02769304 -0.0902081
v -0.85792716 -0 -0.20602715
v -0.77782437 -0 -0.34940981
v -0.75640755 -0 -0.32126388
v -0.77782437 -0 -0.4376652
v -0.75640755 -0 -0.4658112
v -0.65255868 -0 -0.5810479
v -0.6739755 -0 -0.60919383
v -0.75640755 -0.02769304 -0.4376652
v -0.75640755 -0.02769304 -0.34940981
v -0.65255868 -0.02769304 -0.60919383
v 0.83296603 -0 0.19015158
v 0.83296603 -0 0.30047083
v 0.85438277 -0 0.07433255
v 0.85438277 -0 0.16200561
v 0.83296603 -0 0.04612187
v 0.83296603 -0 -0.06199746
v 0.85438277 -0 -0.0902081
v 0.85438277 -0 -0.17788118
v 0.83296603 -0.02769304 0.16200561
v 0.83296603 -0.02769304 0.07433255
v 0.83296603 -0.02769304 -0.17788118
v 0.83296603 -0.02769304 -0.0902081
v 0.83296603 -0 -0.20602715
v 0.83296603 -0 -0.32126388
v 0.85438277 -0 -0.4376652
v 0.85438277 -0 -0.34940981
v 0.83296603 -0 -0.4658112
v 0.85438277 -0 -0.60919383
v 0.83296603 -0 -0.5810479
v 0.83296603 -0.02769304 -0.4376652
v 0.83296603 -0.02769304 -0.34940981
v 0.83296603 -0.02769304 -0.60919383
v -0.65255868 0.03351634 -0.69686687
v -0.55110378 0.03351634 -0.86140753
v -0.55110378 0.03351634 -0.94908064
v -0.41134453 0.03351634 -1.11575657
v -0.65255868 0.01591702 -0.72507759
v -0.6739755 0.01591702 -0.69686687
v -0.55110378 0.01591702 -0.83319689
v -0.5725206 0.01591702 -0.86140753
v -0.5725206 0.01591702 -0.94908064
v -0.55110378 0.01591702 -0.97722658
v -0.41134453 0.01591702 -1.08754585
v -0.44861368 0.01591702 -1.11575657
v -0.41134453 0.03351634 -1.2034296
v -0.3078838 0.03351634 -1.37495831
v -0.0480351 0.04406299 -1.55476881
v 0.05290216 0.04406299 -1.55476881
v -0.3078838 0.03351634 -1.46263135
v -0.05282314 0.03862791 -1.55476881
v 0.0576255 0.03862791 -1.55476881
v -0.44861368 0.01591702 -1.2034296
v -0.41134453 0.01591702 -1.23157553
v -0.3078838 0.01591702 -1.34681238
v -0.33881205 0.01591702 -1.37495831
v -0.05528189 0.02607545 -1.55476881
v 0.06014894 0.02607545 -1.55476881
v -0.3078838 0.01591702 -1.49084207
v -0.33881205 0.01591702 -1.46263135
v 0.83296603 0.03351634 -0.69686687
v 0.83296603 0.03351634 -0.86140753
v 0.83296603 0.03351634 -0.94908064
v 0.83296603 0.03351634 -1.11575657
v 0.85438277 0.01591702 -0.69686687
v 0.83296603 0.01591702 -0.72507759
v 0.85438277 0.01591702 -0.86140753
v 0.83296603 0.01591702 -0.83319689
v 0.85438277 0.01591702 -0.94908064
v 0.83296603 0.01591702 -0.97722658
v 0.83296603 0.01591702 -1.08754585
v 0.85438277 0.01591702 -1.11575657
v 0.62695045 0.04406299 -1.55476881
v 0.62222713 0.03862791 -1.55476881
v 0.83296603 0.03351634 -1.2034296
v 0.83296603 0.03351634 -1.37495831
v 0.72788775 0.04406299 -1.55476881
v 0.73267575 0.03862791 -1.55476881
v 0.83296603 0.03351634 -1.46263135
v 0.61970366 0.02607545 -1.55476881
v 0.85438277 0.01591702 -1.2034296
v 0.83296603 0.01591702 -1.23157553
v 0.83296603 0.01591702 -1.34681238
v 0.85438277 0.01591702 -1.37495831
v 0.7351345 0.02607545 -1.55476881
v 0.85438277 0.01591702 -1.46263135
v 0.83296603 0.01591702 -1.49084207
v -0.65255868 -0 -0.72507759
v -0.6739755 -0 -0.69686687
v -0.55110378 -0 -0.83319689
v -0.5725206 -0 -0.86140753
v -0.5725206 -0 -0.94908064
v -0.55110378 -0 -0.97722658
v -0.41134453 -0 -1.08754585
v -0.44861368 -0 -1.11575657
v -0.65255868 -0.02769304 -0.69686687
v -0.55110378 -0.02769304 -0.86140753
v -0.55110378 -0.02769304 -0.94908064
v -0.41134453 -0.02769304 -1.11575657
v -0.44861368 -0 -1.2034296
v -0.41134453 -0 -1.23157553
v -0.3078838 -0 -1.34681238
v -0.33881205 -0 -1.37495831
v -0.33881205 -0 -1.46263135
v -0.3078838 -0 -1.49084207
v -0.41134453 -0.02769304 -1.2034296
v -0.3078838 -0.02769304 -1.37495831
v -0.3078838 -0.02769304 -1.46263135
v -0.04434701 -0.03636329 -1.55476881
v 0.04921407 -0.03636329 -1.55476881
v 0.83296603 -0 -0.72507759
v 0.85438277 -0 -0.69686687
v 0.83296603 -0 -0.83319689
v 0.85438277 -0 -0.86140753
v 0.85438277 -0 -0.94908064
v 0.83296603 -0 -0.97722658
v 0.85438277 -0 -1.11575657
v 0.83296603 -0 -1.08754585
v 0.83296603 -0.02769304 -0.69686687
v 0.83296603 -0.02769304 -0.86140753
v 0.83296603 -0.02769304 -0.94908064
v 0.83296603 -0.02769304 -1.11575657
v 0.85438277 -0 -1.2034296
v 0.83296603 -0 -1.23157553
v 0.83296603 -0 -1.34681238
v 0.85438277 -0 -1.37495831
v 0.85438277 -0 -1.46263135
v 0.83296603 -0 -1.49084207
v 0.63063853 -0.03636329 -1.55476881
v 0.83296603 -0.02769304 -1.2034296
v 0.83296603 -0.02769304 -1.37495831
v 0.83296603 -0.02769304 -1.46263135
v 0.72419959 -0.03636329 -1.55476881
v 0.026762 0.05596841 0.13030096
v 0.02132692 0.10391361 0.13030096
v -0.05444072 0.13891813 0.13030096
v -0.04369995 0.14525906 0.13030096
v -0.02189492 0.05596841 0.13030096
v -0.01652454 0.10391361 0.13030096
v 0.0576255 0.03862791 0.13030096
v 0.05290216 0.04406299 0.13030096
v 0.05930779 0.13891813 0.13030096
v 0.04850233 0.14525906 0.13030096
v -0.05282314 0.03862791 0.13030096
v -0.0480351 0.04406299 0.13030096
v -0.05444072 0.12325992 0.13030096
v 0.05930779 0.12325992 0.13030096
v 0.06014894 0.02607545 0.13030096
v 0.04921407 -0.03636329 0.13030096
v -0.04434701 -0.03636329 0.13030096
v -0.05528189 0.02607545 0.13030096
v -0.05444072 0.13891813 -0.20162732
v -0.04369995 0.14525906 -0.20162732
v -0.02189492 0.05596841 -0.20162732
v -0.01652454 0.10391361 -0.20162732
v -0.05282314 0.03862791 -0.20162732
v -0.0480351 0.04406299 -0.20162732
v -0.05444072 0.12325992 -0.20162732
v 0.06014894 0.02607545 -0.20162732
v 0.04921407 -0.03636329 -0.20162732
v -0.04434701 -0.03636329 -0.20162732
v -0.05528189 0.02607545 -0.20162732
v 0.0576255 0.03862791 -0.20162732
v 0.026762 0.05596841 -0.20162732
v 0.02132692 0.10391361 -0.20162732
v 0.05290216 0.04406299 -0.20162732
v 0.05930779 0.13891813 -0.20162732
v 0.04850233 0.14525906 -0.20162732
v 0.05930779 0.12325992 -0.20162732
v -0.05444072 0.13891813 -1.51310002
v -0.04369995 0.14525906 -1.51310002
v -0.02189492 0.05596841 -1.51310002
v -0.01652454 0.10391361 -1.51310002
v -0.05282314 0.03862791 -1.51310002
v -0.0480351 0.04406299 -1.51310002
v -0.05444072 0.12325992 -1.51310002
v 0.06014894 0.02607545 -1.51310002
v 0.04921407 -0.03636329 -1.51310002
v -0.04434701 -0.03636329 -1.51310002
v -0.05528189 0.02607545 -1.51310002
v 0.0576255 0.03862791 -1.51310002
v 0.026762 0.05596841 -1.51310002
v 0.02132692 0.10391361 -1.51310002
v 0.05290216 0.04406299 -1.51310002
v 0.05930779 0.13891813 -1.51310002
v 0.04850233 0.14525906 -1.51310002
v 0.05930779 0.12325992 -1.51310002
v 0.026762 0.05596841 -1.10093943
v 0.02132692 0.10391361 -1.10093943
v 0.0576255 0.03862791 -1.10093943
v 0.05290216 0.04406299 -1.10093943
v 0.05930779 0.13891813 -1.10093943
v 0.04850233 0.14525906 -1.10093943
v 0.05930779 0.12325992 -1.10093943
v -0.04369995 0.14525906 -1.10093943
v -0.05282314 0.03862791 -1.10093943
v -0.05528189 0.02607545 -1.10093943
v -0.05444072 0.13891813 -1.10093943
v -0.02189492 0.05596841 -1.10093943
v -0.01652454 0.10391361 -1.10093943
v -0.0480351 0.04406299 -1.10093943
v -0.05444072 0.12325992 -1.10093943
v 0.06014894 0.02607545 -1.10093943
v 0.04921407 -0.03636329 -1.10093943
v -0.04434701 -0.03636329 -1.10093943
v -0.925801 0.14525906 0.46119398
v -0.93563592 0.13891813 0.45685887
v -0.93563592 0.12325992 0.45685887
v -0.84136313 0.14525906 0.49826903
v -0.83146349 0.13891813 0.50260414
v -0.83146349 0.12325992 0.50260414
v -0.90089023 0.10391361 0.47212885
v -0.86620918 0.10391361 0.48733416
v -0.90580766 0.05596841 0.46999363
v -0.86129176 0.05596841 0.48953405
v -0.31758929 0.13891813 0.72835425
v -0.31758929 0.12325992 0.72835425
v -0.30775444 0.14525906 0.73268932
v -0.22331654 0.14525906 0.76976434
v -0.21348161 0.13891813 0.77409949
v -0.21348161 0.12325992 0.77409949
v -0.2828436 0.10391361 0.74362416
v -0.24816263 0.10391361 0.7588295
v -0.28782578 0.05596841 0.74142434
v -0.24324516 0.05596841 0.7610294
v -0.92974786 0.04406299 0.45944701
v -0.99675813 0.03351635 0.34514107
v -0.96093767 0.03351635 0.26517906
v -0.93414773 0.03862791 0.45750589
v -0.83735147 0.04406299 0.50008072
v -0.8330164 0.03862791 0.50195712
v -0.93641234 0.02607545 0.45653534
v -1.01272053 0.01591703 0.33830174
v -1.00831889 0.01591703 0.37087384
v -0.97689992 0.01591703 0.25833973
v -0.94943152 0.01591703 0.23945112
v -0.82351607 0.01591704 0.22084163
v -0.83068707 0.02607545 0.50299235
v -0.81191566 0.03351636 0.19522413
v -0.77577758 0.03351636 0.1153514
v -0.82584316 0.01591704 0.18930667
v -0.78971248 0.01591704 0.10949501
v -0.76416977 0.01591704 0.08967281
v -1.01272053 0 0.33830174
v -1.00831889 0 0.37087384
v -0.97689992 0 0.25833973
v -0.94943152 0 0.2394511
v -0.82351607 0.00000001 0.22084163
v -0.99675813 -0.02769303 0.34514107
v -0.96093767 -0.02769303 0.26517908
v -0.92638335 -0.03636329 0.4609352
v -0.84071606 -0.03636329 0.49859252
v -0.82584316 0.00000001 0.18930665
v -0.76416977 0.00000001 0.08967281
v -0.78971248 0.00000001 0.109495
v -0.81191566 -0.02769302 0.19522411
v -0.77577758 -0.02769302 0.11535139
v -0.31836578 0.02607545 0.72803068
v -0.31176602 0.04406299 0.73094235
v -0.21936963 0.04406299 0.77151139
v -0.31610118 0.03862791 0.72900124
v -0.21496977 0.03862791 0.7734525
v -0.2617232 0.03351635 0.66036441
v -0.22590265 0.03351635 0.58040242
v -0.21270516 0.02607545 0.77442298
v -0.2457657 0.01591703 0.66726606
v -0.27323404 0.01591703 0.68615479
v -0.20994035 0.01591703 0.58724171
v -0.21440142 0.01591703 0.55473683
v -0.18185012 0.01591704 0.49079521
v -0.17024973 0.03351636 0.46517772
v -0.13411158 0.03351636 0.38530497
v -0.15631478 0.01591704 0.47103407
v -0.12017661 0.01591704 0.39116136
v -0.12250376 0.01591704 0.35962639
v -0.2457657 0 0.66726606
v -0.27323404 0 0.68615479
v -0.20994035 0 0.58724171
v -0.21440142 0 0.55473683
v -0.18185012 0.00000001 0.49079521
v -0.30840143 -0.03636329 0.73243054
v -0.22273419 -0.03636329 0.77002319
v -0.2617232 -0.02769303 0.66036441
v -0.22590265 -0.02769303 0.58040242
v -0.15631478 0.00000001 0.47103407
v -0.12250376 0.00000001 0.35962639
v -0.12017662 0.00000001 0.39116136
v -0.17024973 -0.02769302 0.46517772
v -0.13411158 -0.02769302 0.38530497
v -0.02655357 0.14525906 -1.58589113
v -0.03638849 0.13891813 -1.59022628
v -0.02655357 0.13891813 -1.58589113
v -0.03638849 0.12325992 -1.59022628
v -0.02655357 0.12325992 -1.58589113
v 0.05788431 0.14525906 -1.54881604
v 0.05788431 0.13891813 -1.54881604
v 0.06771922 0.13891813 -1.54448089
v 0.05788431 0.12325992 -1.54881604
v 0.06771922 0.12325992 -1.54448089
v 0.00165707 0.10391361 -1.57353297
v -0.00170748 0.10391361 -1.57495622
v 0.02973834 0.10391361 -1.5611745
v 0.03297351 0.10391361 -1.55975095
v -0.00662494 0.05596841 -1.57715634
v -0.00080163 0.05661544 -1.57456809
v 0.03213238 0.05661544 -1.56013939
v 0.03795569 0.05596841 -1.55755113
v 0.43626964 0.13891813 -1.43726743
v 0.43626964 0.12325992 -1.43726743
v 0.44675155 0.14525906 -1.43467948
v 0.44675155 0.13891813 -1.43467948
v 0.53617164 0.14525906 -1.41216268
v 0.54658887 0.13891813 -1.40950994
v 0.53617164 0.13891813 -1.41216268
v 0.44675155 0.12325992 -1.43467948
v 0.54658887 0.12325992 -1.40950994
v 0.53617164 0.12325992 -1.41216268
v 0.47657982 0.10391361 -1.42717388
v 0.47315055 0.10391361 -1.42801493
v 0.50627866 0.10391361 -1.41973307
v 0.50983735 0.10391361 -1.41882723
v 0.46784488 0.05596841 -1.4293737
v 0.47399168 0.05661544 -1.42782087
v 0.51501359 0.05596841 -1.41753295
v 0.5088668 0.05661544 -1.41902129
v -0.03056519 0.04406299 -1.58763833
v -0.0349003 0.03862791 -1.58957929
v -0.02551833 0.03785147 -1.58543821
v -0.02008324 0.04108664 -1.58304432
v 0.05141398 0.04108664 -1.55166315
v 0.06189593 0.04406299 -1.54706914
v 0.05678437 0.03785147 -1.54926896
v 0.06623105 0.03862791 -1.54512818
v -0.03716491 0.02607545 -1.59054993
v 0.06849567 0.02607545 -1.54415755
v -0.02713592 -0.03636329 -1.58614998
v 0.05853136 -0.03636329 -1.54855749
v 0.43542847 0.02607545 -1.43752629
v 0.45361013 0.04108664 -1.43293228
v 0.44248115 0.04406299 -1.43577939
v 0.52931306 0.04108664 -1.41390957
v 0.54037736 0.04406299 -1.41112725
v 0.44791621 0.03785147 -1.43442063
v 0.43788718 0.03862791 -1.4368793
v 0.545036 0.03862791 -1.40989807
v 0.53500694 0.03785147 -1.41242153
v 0.54743 0.02607545 -1.40931556
v 0.44603985 -0.03636329 -1.43487355
v 0.53681866 -0.03636329 -1.41203309
v 0.28091683 0.10391361 -0.51103881
v 0.27593468 0.05596841 -0.51323878
v 0.34044394 0.14351207 -0.48489863
v 0.35027882 0.13891813 -0.48056355
v 0.31553313 0.10391361 -0.49583354
v 0.3204506 0.05596841 -0.49369836
v 0.25199441 0.04406299 -0.5237854
v 0.2476593 0.03862791 -0.5256618
v 0.25600603 0.14351207 -0.52197372
v 0.24610643 0.13891813 -0.52630879
v 0.34439084 0.04406299 -0.48315165
v 0.34879067 0.03862791 -0.48121054
v 0.35027882 0.12325992 -0.48056355
v 0.24610643 0.12325992 -0.52630879
v 0.255359 -0.03636329 -0.52229721
v 0.24532998 0.02607545 -0.52669707
v 0.35105528 0.02607545 -0.48024006
v 0.34102625 -0.03636329 -0.48463985
v 0.42507595 0.14525906 -0.71026053
v 0.43549319 0.13891813 -0.70760763
v 0.39867695 0.10391361 -0.71686021
v 0.40391795 0.05596841 -0.71556616
v 0.42921696 0.04406299 -0.70916054
v 0.4338756 0.03862791 -0.70799592
v 0.43549319 0.12325992 -0.70760763
v 0.33494413 -0.03636329 -0.73290668
v 0.32433279 0.02607545 -0.73562421
v 0.43626964 0.02607545 -0.70741357
v 0.42565826 -0.03636329 -0.71006638
v 0.3267915 0.03862791 -0.73497715
v 0.36199015 0.10391361 -0.72611286
v 0.35674919 0.05596841 -0.72740691
v 0.33138547 0.04406299 -0.73381253
v 0.33559119 0.14525906 -0.73271254
v 0.32517392 0.13891813 -0.73536543
v 0.32517392 0.12325992 -0.73536543
v 0.47431521 0.14525906 -0.91556429
v 0.48473244 0.13891813 -0.91297619
v 0.44798093 0.10391361 -0.92222876
v 0.45315721 0.05596841 -0.92093464
v 0.47852093 0.04406299 -0.91452902
v 0.48317958 0.03862791 -0.9133644
v 0.48473244 0.12325992 -0.91297619
v 0.38418342 -0.03636329 -0.93827516
v 0.37357205 0.02607545 -0.94092806
v 0.48557357 0.02607545 -0.91278205
v 0.47496223 -0.03636329 -0.91543486
v 0.3760308 0.03862791 -0.94034571
v 0.41129412 0.10391361 -0.93141655
v 0.40598845 0.05596841 -0.93277531
v 0.38062473 0.04406299 -0.93918101
v 0.38489512 0.14525906 -0.9380811
v 0.37441321 0.13891813 -0.94073384
v 0.37441321 0.12325992 -0.94073384
v 0.52193688 0.14525906 -1.14448485
v 0.53235412 0.13891813 -1.14183196
v 0.49553789 0.10391361 -1.15108461
v 0.50071417 0.05596841 -1.14979048
v 0.52607789 0.04406299 -1.14338479
v 0.53073654 0.03862791 -1.14222024
v 0.53235412 0.12325992 -1.14183196
v 0.4318051 -0.03636329 -1.16713093
v 0.42119372 0.02607545 -1.16984846
v 0.53313054 0.02607545 -1.14163789
v 0.5225192 -0.03636329 -1.14429063
v 0.42365247 0.03862791 -1.16920147
v 0.45885108 0.10391361 -1.16033711
v 0.45361013 0.05596841 -1.16163123
v 0.4282464 0.04406299 -1.16803677
v 0.43245212 0.14525906 -1.16693686
v 0.42197017 0.13891813 -1.16958976
v 0.42197017 0.12325992 -1.16958976
v 0.17128726 0.10391361 -0.24710703
v 0.1663051 0.05596841 -0.24930692
v 0.14236486 0.04406299 -0.25978887
v 0.13802973 0.03862791 -0.26172999
v 0.14637646 0.14351207 -0.2580419
v 0.13647684 0.13891813 -0.26237701
v 0.13647684 0.12325992 -0.26237701
v 0.23081435 0.14351207 -0.22096685
v 0.24142571 0.02607545 -0.21630821
v 0.23916108 0.03862791 -0.21727876
v 0.24064927 0.13891813 -0.21663174
v 0.20590356 0.10391361 -0.23190172
v 0.21082102 0.05596841 -0.22970183
v 0.23476125 0.04406299 -0.21921988
v 0.24064927 0.12325992 -0.21663174
v 0.14572943 -0.03636329 -0.25830072
v 0.1357004 0.02607545 -0.26270055
v 0.2313967 -0.03636329 -0.22070803
v -0.01115415 0.10391361 0.1389712
v -0.01613633 0.05596841 0.13677129
v -0.04007658 0.04406299 0.12628936
v -0.04441169 0.03862791 0.12434825
v -0.03606496 0.14525906 0.12803635
v -0.0459646 0.13891813 0.12370122
v -0.0459646 0.12325992 0.12370122
v 0.04837292 0.14525906 0.16511136
v 0.05898428 0.02607545 0.16977001
v 0.05671965 0.03862791 0.16879947
v 0.05820783 0.13891813 0.1694465
v 0.02346212 0.10391361 0.15417651
v 0.02837958 0.05596841 0.15637643
v 0.05231983 0.04406299 0.16685836
v 0.05820783 0.12325992 0.1694465
v -0.03671198 -0.03636329 0.12777753
v -0.04674101 0.02607545 0.12337771
v 0.04895525 -0.03636329 0.16537018
v -0.00817781 0.05596841 -1.45253749
v -0.01315998 0.10391361 -1.45473762
v -0.08252197 0.13891813 -1.48521264
v -0.07268709 0.14525906 -1.48087749
v -0.05275842 0.05596841 -1.4721427
v -0.047841 0.10391361 -1.46994289
v 0.02009754 0.03862791 -1.44011454
v 0.01576243 0.04406299 -1.4420555
v 0.02158572 0.13891813 -1.43946756
v 0.01175081 0.14525906 -1.44380271
v -0.08103382 0.03862791 -1.48456565
v -0.07669867 0.04406299 -1.48262469
v -0.08252197 0.12325992 -1.48521264
v 0.02158572 0.12325992 -1.43946756
v 0.02236217 0.02607545 -1.43914391
v 0.01239784 -0.03636329 -1.44354385
v -0.0732694 -0.03636329 -1.48113634
v -0.08329843 0.02607545 -1.48553629
v -0.14360199 0.05596841 -1.14422599
v -0.14858412 0.10391361 -1.14642596
v -0.11532659 0.03862791 -1.13180289
v -0.11966174 0.04406299 -1.133744
v -0.11383843 0.13891813 -1.1311559
v -0.12367332 0.14525906 -1.13549105
v -0.11383843 0.12325992 -1.1311559
v -0.20811123 0.14525906 -1.17256614
v -0.21645796 0.03862791 -1.17625415
v -0.21872257 0.02607545 -1.17722479
v -0.21794615 0.13891813 -1.17690114
v -0.1881826 0.05596841 -1.16383105
v -0.18326514 0.10391361 -1.16163123
v -0.21212285 0.04406299 -1.17431304
v -0.21794615 0.12325992 -1.17690114
v -0.11306198 0.02607545 -1.13083241
v -0.12302629 -0.03636329 -1.1352322
v -0.20869354 -0.03636329 -1.17282485
v -0.45029594 0.14525906 2.27049417
v -0.43955517 0.13891813 2.27055896
v -0.45029594 0.13891813 2.27049417
v -0.43949046 0.12319521 2.27049417
v -0.45023123 0.12325992 2.27049417
v -0.54236884 0.14525906 2.27055896
v -0.54236884 0.13891813 2.27055896
v -0.55304489 0.13891813 2.27055896
v -0.54243355 0.12325992 2.27055896
v -0.55310961 0.12319521 2.27055896
v -0.48096534 0.10391361 2.27055896
v -0.47734196 0.10391361 2.27049417
v -0.51163473 0.10391361 2.27049417
v -0.51519339 0.10391361 2.27049417
v -0.47197154 0.05596841 2.27055896
v -0.47831252 0.05661544 2.27049417
v -0.51428755 0.05661544 2.27055896
v -0.52062853 0.05596841 2.27049417
v -1.10619392 0.13891813 2.27211179
v -1.10632335 0.12325992 2.27217658
v -1.1184876 0.14525906 2.27230586
v -1.11855239 0.13891813 2.27230586
v -1.21081928 0.14525906 2.27243544
v -1.21961901 0.13891813 2.27224138
v -1.21081928 0.13891813 2.27243544
v -1.11855239 0.12313051 2.27230586
v -1.21955437 0.12332461 2.27224138
v -1.21075464 0.12319521 2.27243544
v -1.15601561 0.1037842 2.27308243
v -1.15252166 0.10384891 2.27308243
v -1.18649094 0.10384891 2.27301764
v -1.19004952 0.10397831 2.27308243
v -1.14702181 0.05590371 2.27301764
v -1.15336271 0.05668015 2.27308243
v -1.19548458 0.05609782 2.27308243
v -1.1892731 0.05674485 2.27308243
v -0.44583144 0.04406299 2.27049417
v -0.3408178 0.03351634 2.17680388
v -0.3408178 0.03351634 2.08906605
v -0.44097865 0.03862791 2.27049417
v -0.45133121 0.03778676 2.27049417
v -0.45721919 0.04108664 2.27049417
v -0.53531616 0.04108664 2.27055896
v -0.54670399 0.04406299 2.27049417
v -0.54120414 0.03778676 2.27055896
v -0.5515567 0.03862791 2.27055896
v -0.43858462 0.02607545 2.27049417
v -0.31940105 0.01591702 2.17680388
v -0.34075316 0.01591702 2.20494981
v -0.31946569 0.01591702 2.08906605
v -0.3408178 0.01591702 2.06085533
v -0.34916461 0.01591702 2.04390317
v -0.55408017 0.02607545 2.27055896
v -0.34728821 0.03351634 2.01575724
v -0.34159429 0.03351634 1.92827827
v -0.34411768 0.03351634 1.85154014
v -0.32600074 0.01591702 2.01718048
v -0.32024218 0.01591702 1.92963703
v -0.3397826 0.01591702 1.90019682
v -0.32283029 0.01591702 1.85393402
v -0.34728821 0.01591702 1.87955649
v -0.31940105 -0 2.17680388
v -0.34075316 -0 2.20494981
v -0.31946569 -0 2.08906605
v -0.3408178 -0 2.06085533
v -0.34916461 -0 2.04390317
v -0.3408178 -0.02769304 2.17680388
v -0.3408178 -0.02769304 2.08906605
v -0.44951952 -0.03636329 2.27049417
v -0.54308054 -0.03636329 2.27055896
v -0.32600074 -0 2.01718048
v -0.3397826 -0 1.90019682
v -0.32024218 -0 1.92963703
v -0.32283029 -0 1.85393402
v -0.34728821 -0 1.87955649
v -0.34728821 -0.02769304 2.01575724
v -0.34159429 -0.02769304 1.92827827
v -0.34411768 -0.02769304 1.85154014
v -0.33434747 0.03351634 1.76438451
v -0.3304006 0.03351634 1.69029912
v -0.31306008 0.01591702 1.7667787
v -0.3311123 0.01591702 1.73636785
v -0.33505925 0.01591702 1.71799213
v -0.30930727 0.01591702 1.69379322
v -0.31603646 0.03351634 1.603726
v -0.30781908 0.03351634 1.52271751
v -0.29494313 0.01591702 1.60728473
v -0.31137782 0.01591702 1.57596835
v -0.28691993 0.01591702 1.52718193
v -0.31370714 0.01591702 1.55028109
v -0.31306008 -0 1.7667787
v -0.3311123 -0 1.73636785
v -0.33505925 -0 1.71799213
v -0.30930727 -0 1.69379322
v -0.33434747 -0.02769304 1.76438451
v -0.3304006 -0.02769304 1.69029912
v -0.31137782 -0 1.57596835
v -0.29494313 -0 1.60728473
v -0.28691993 -0 1.52718193
v -0.31370714 -0 1.55028109
v -0.31603646 -0.02769304 1.603726
v -0.30781908 -0.02769304 1.52271751
v -1.1054823 0.02607545 2.27224138
v -1.12825781 0.04121604 2.27262951
v -1.1132466 0.04399829 2.27224138
v -1.20661355 0.04147485 2.2726943
v -1.21411916 0.04438651 2.27224138
v -1.12016985 0.03798087 2.27243544
v -1.10794097 0.0385632 2.27217658
v -1.21813081 0.03875731 2.27217658
v -1.21017229 0.03811028 2.27250023
v -1.32696189 0.03351634 2.17732159
v -1.32696189 0.03351634 2.08964825
v -1.22058949 0.02607545 2.27230586
v -1.348314 0.01591702 2.17738608
v -1.32689725 0.01591702 2.20553201
v -1.34837863 0.01591702 2.08964825
v -1.32696189 0.01591702 2.06150232
v -1.33323816 0.01591702 1.97978206
v -1.33136168 0.03351634 1.95170092
v -1.32566776 0.03351634 1.86415715
v -1.3240503 0.03351634 1.74096186
v -1.35271378 0.01591702 1.95027736
v -1.34701987 0.01591702 1.86279839
v -1.32385608 0.01591702 1.83607601
v -1.34527297 0.01591702 1.73850319
v -1.32715596 0.01591702 1.76891373
v -1.348314 -0 2.17738608
v -1.32689725 -0 2.20553201
v -1.34837863 -0 2.08964825
v -1.32696189 -0 2.06150232
v -1.33323816 -0 1.97978206
v -1.11764654 -0.03636329 2.27230586
v -1.21133699 -0.03636329 2.27243544
v -1.32696189 -0.02769304 2.17732159
v -1.32696189 -0.02769304 2.08964825
v -1.35271378 -0 1.95027736
v -1.32385608 -0 1.83607601
v -1.34701987 -0 1.86279839
v -1.34527297 -0 1.73850319
v -1.32715596 -0 1.76891373
v -1.33136168 -0.02769304 1.95170092
v -1.32566776 -0.02769304 1.86415715
v -1.3240503 -0.02769304 1.74096186
v -1.31415066 0.03351634 1.65380654
v -1.30321575 0.03351634 1.52847606
v -1.33543797 0.01591702 1.65147714
v -1.31104484 0.01591702 1.62585467
v -1.30780975 0.01591702 1.55636329
v -1.32424436 0.01591702 1.52498212
v -1.28878689 0.03351634 1.44203236
v -1.27202879 0.03351634 1.3160549
v -1.30988014 0.01591702 1.43847378
v -1.28419289 0.01591702 1.41420993
v -1.29299262 0.01591702 1.31152569
v -1.27798141 0.01591702 1.34361848
v -1.33543797 -0 1.65147714
v -1.31104484 -0 1.62585467
v -1.30780975 -0 1.55636329
v -1.32424436 -0 1.52498212
v -1.31415066 -0.02769304 1.65380654
v -1.30321575 -0.02769304 1.52847606
v -1.28419289 -0 1.41420993
v -1.30988014 -0 1.43847378
v -1.29299262 -0 1.31152569
v -1.27798141 -0 1.34361848
v -1.28878689 -0.02769304 1.44203236
v -1.27202879 -0.02769304 1.3160549
v -0.17763594 0.14525906 0.65899214
v -0.16760691 0.13891813 0.66293909
v -0.16760691 0.12325992 0.66293909
v -0.26343261 0.14525906 0.62534644
v -0.27352631 0.13891813 0.62139953
v -0.27352631 0.12325992 0.62139953
v -0.20293495 0.10391361 0.64909258
v -0.2381336 0.10391361 0.63524608
v -0.1978881 0.05596841 0.6510337
v -0.24324516 0.05596841 0.63330496
v -0.79697658 0.13891813 0.4190074
v -0.79697658 0.12325992 0.4190074
v -0.80707028 0.14525906 0.4150605
v -0.89293171 0.14525906 0.38147943
v -0.90289598 0.13891813 0.37753253
v -0.90289598 0.12325992 0.37753253
v -0.83236933 0.10391361 0.40516086
v -0.86763266 0.10391361 0.39137907
v -0.82732248 0.05596841 0.40716669
v -0.8726148 0.05596841 0.38943795
v -0.28937865 0.03351634 1.43640324
v -0.28142016 0.03351634 1.36154128
v -0.25838576 0.03351634 1.27697406
v -0.26841475 0.01591702 1.44086766
v -0.28342595 0.01591702 1.4088395
v -0.26077976 0.01591702 1.36717056
v -0.28879633 0.01591702 1.38871689
v -0.23774535 0.01591702 1.28253855
v -0.24402158 0.03351634 1.20457101
v -0.21729909 0.03351634 1.12103898
v -0.25094487 0.01591702 1.24979869
v -0.25249774 0.01591702 1.23135818
v -0.22357531 0.01591702 1.21110605
v -0.19691754 0.01591702 1.12757403
v -0.20869354 0.01591702 1.09418702
v -0.26841475 -0 1.44086766
v -0.28342595 -0 1.4088395
v -0.28879633 -0 1.38871689
v -0.26077976 -0 1.36717056
v -0.23774535 -0 1.28253855
v -0.28937865 -0.02769304 1.43640324
v -0.28142016 -0.02769304 1.36154128
v -0.25838576 -0.02769304 1.27697406
v -0.25094487 -0 1.24979869
v -0.25249774 -0 1.23135818
v -0.22357531 -0 1.21110605
v -0.19691754 -0 1.12757403
v -0.20869354 -0 1.09418702
v -0.24402158 -0.02769304 1.20457101
v -0.21729909 -0.02769304 1.12103898
v -0.19704697 0.03351634 1.04028912
v -0.16747752 0.03351634 0.95772765
v -0.17685948 0.01591702 1.04753594
v -0.20655836 0.01591702 1.06681751
v -0.14735475 0.01591702 0.96497448
v -0.15796613 0.01591702 0.93119927
v -0.1464489 0.03351634 0.87943662
v -0.17355964 0.04406299 0.66060977
v -0.11448546 0.03351634 0.79778092
v -0.1690951 0.03862791 0.66235674
v -0.26757362 0.04406299 0.62372886
v -0.27197344 0.03862791 0.62204656
v -0.15673675 0.01591702 0.90564144
v -0.12652028 0.01591702 0.88720092
v -0.16683049 0.02607545 0.66319787
v -0.09455683 0.01591702 0.80561001
v -0.10419761 0.01591702 0.77151139
v -0.27430277 0.02607545 0.62114072
v -0.20655836 -0 1.06681751
v -0.17685948 -0 1.04753594
v -0.14735475 -0 0.96497448
v -0.15796613 -0 0.93119927
v -0.19704697 -0.02769304 1.04028912
v -0.16747752 -0.02769304 0.95772765
v -0.15673675 -0 0.90564144
v -0.12652028 -0 0.88720092
v -0.09455683 -0 0.80561001
v -0.10419761 -0 0.77151139
v -0.1464489 -0.02769304 0.87943662
v -0.11448546 -0.02769304 0.79778092
v -0.17698891 -0.03636329 0.659251
v -0.26414435 -0.03636329 0.62508762
v -1.25358828 0.03351634 1.22974063
v -1.23288316 0.03351634 1.10233969
v -1.20978416 0.03351634 1.01770768
v -1.27448747 0.01591702 1.22527605
v -1.26122331 0.01591702 1.19861831
v -1.25352349 0.01591702 1.09671049
v -1.24032413 0.01591702 1.12951506
v -1.23042449 0.01591702 1.01214319
v -1.18319106 0.03351634 0.90408861
v -1.15646853 0.03351634 0.8205565
v -1.20247262 0.01591702 0.99059694
v -1.19179657 0.01591702 0.93087577
v -1.20357253 0.01591702 0.89755348
v -1.17685 0.01591702 0.81402146
v -1.14786302 0.01591702 0.79370462
v -1.27448747 -0 1.22527605
v -1.26122331 -0 1.19861831
v -1.24032413 -0 1.12951506
v -1.25352349 -0 1.09671049
v -1.23042449 -0 1.01214319
v -1.25358828 -0.02769304 1.22974063
v -1.23288316 -0.02769304 1.10233969
v -1.20978416 -0.02769304 1.01770768
v -1.20247262 -0 0.99059694
v -1.19179657 -0 0.93087577
v -1.20357253 -0 0.89755348
v -1.17685 -0 0.81402146
v -1.14786302 -0 0.79370462
v -1.18319106 -0.02769304 0.90408861
v -1.15646853 -0.02769304 0.8205565
v -0.79620016 0.02607545 0.4193309
v -1.12541085 0.03351634 0.7078432
v -1.09584152 0.03351634 0.62534644
v -1.14553362 0.01591702 0.70066116
v -1.13492236 0.01591702 0.73437166
v -1.11602892 0.01591702 0.61809966
v -1.08633001 0.01591702 0.59875334
v -0.80299399 0.04406299 0.41667808
v -0.89694329 0.04406299 0.37986185
v -0.7985942 0.03862791 0.41842505
v -0.90140779 0.03862791 0.37811488
v -1.06458977 0.03351634 0.51968581
v -1.03262625 0.03351634 0.43803019
v -0.90367248 0.02607545 0.37720903
v -1.07487754 0.01591702 0.54589071
v -1.08451832 0.01591702 0.51185672
v -1.05255495 0.01591702 0.43026577
v -1.02227369 0.01591702 0.41176062
v -1.13492236 -0 0.73437166
v -1.14553362 -0 0.70066116
v -1.11602892 -0 0.61809966
v -1.08633001 -0 0.59875334
v -1.12541085 -0.02769304 0.7078432
v -1.09584152 -0.02769304 0.62534644
v -1.07487754 -0 0.54589071
v -1.08451832 -0 0.51185672
v -1.05255495 -0 0.43026577
v -1.02227369 -0 0.41176062
v -0.8064233 -0.03636329 0.41531932
v -0.89351398 -0.03636329 0.38122061
v -1.06458977 -0.02769304 0.51968581
v -1.03262625 -0.02769304 0.43803019
v -0.31558354 0.05596841 0.82223876
v -0.31034255 0.10391361 0.82372695
v -0.23755125 0.13891813 0.84482028
v -0.24783909 0.14525906 0.84184389
v -0.26880299 0.05596841 0.83576177
v -0.27391456 0.10391361 0.83427358
v -0.34521766 0.03862791 0.81363325
v -0.34068845 0.04406299 0.81499201
v -0.34677057 0.13891813 0.81324496
v -0.33641801 0.14525906 0.81615671
v -0.23910415 0.03862791 0.84436736
v -0.24369808 0.04406299 0.84307331
v -0.23755125 0.12325992 0.84482028
v -0.34677057 0.12325992 0.81324496
v -0.3476117 0.02607545 0.81298626
v -0.33706507 -0.03636329 0.81596257
v -0.24725678 -0.03636329 0.84203804
v -0.23671012 0.02607545 0.84501442
v -0.92237169 0.10391361 0.64663383
v -0.91719541 0.05596841 0.64812203
v -0.9848751 0.14525906 0.62851689
v -0.99516303 0.13891813 0.62554054
v -0.95873508 0.10391361 0.63608721
v -0.96391128 0.05596841 0.63459901
v -0.89202587 0.04406299 0.65536877
v -0.88756129 0.03862791 0.6566629
v -0.89629623 0.14525906 0.65413943
v -0.88594374 0.13891813 0.65718046
v -0.98901619 0.04406299 0.62735227
v -0.9936102 0.03862791 0.62599346
v -0.99516303 0.12325992 0.62554054
v -0.88594374 0.12325992 0.65718046
v -0.89558452 -0.03636329 0.6543335
v -0.88510261 0.02607545 0.6573746
v -0.99593944 0.02607545 0.62528173
v -0.98545745 -0.03636329 0.6283875
v -0.36941673 0.05596841 0.99286155
v -0.36411102 0.10391361 0.99428511
v -0.39924499 0.03862791 0.98490303
v -0.39465106 0.04406299 0.98613244
v -0.40086254 0.13891813 0.9845149
v -0.39044534 0.14525906 0.98729706
v -0.40086254 0.12325992 0.9845149
v -0.30128407 0.14525906 1.01097857
v -0.29248442 0.03862791 1.01330781
v -0.29009039 0.02607545 1.01389016
v -0.98002239 0.10391361 0.83090906
v -0.9747814 0.05596841 0.83233246
v -0.94954714 0.04406299 0.83899701
v -0.94495321 0.03862791 0.84022635
v -0.95375286 0.14525906 0.83789695
v -0.94333559 0.13891813 0.84061456
v -0.94333559 0.12325992 0.84061456
v -1.04291417 0.14525906 0.81428024
v -1.05404314 0.02607545 0.81130393
v -1.05171375 0.03862791 0.8118862
v -0.29086684 0.13891813 1.0136961
v -0.32237736 0.05596841 1.00534929
v -0.32748893 0.10391361 1.00392589
v -0.29707835 0.04406299 1.01207848
v -0.29086684 0.12325992 1.0136961
v -0.40163903 0.02607545 0.98432068
v -0.39109233 -0.03636329 0.98703828
v -0.30063705 -0.03636329 1.01110792
v -1.05326658 0.13891813 0.81149807
v -1.01657977 0.10391361 0.82120349
v -1.02175613 0.05596841 0.81978009
v -1.0470551 0.04406299 0.81311561
v -1.05326658 0.12325992 0.81149807
v -0.9531058 -0.03636329 0.83809117
v -0.94249446 0.02607545 0.84087334
v -1.04349637 -0.03636329 0.81402146
v -0.41574432 0.05596841 1.15533175
v -0.41037397 0.10391361 1.15649637
v -0.44583144 0.03862791 1.14866728
v -0.44123743 0.04406299 1.14970255
v -0.4475137 0.13891813 1.14827907
v -0.43696707 0.14525906 1.15067311
v -0.4475137 0.12325992 1.14827907
v -0.34689992 0.14525906 1.17053702
v -0.33803556 0.03862791 1.17254285
v -0.3356416 0.02607545 1.17306048
v -1.03256161 0.10391361 1.0188723
v -1.02725582 0.05596841 1.02010171
v -1.00176279 0.04406299 1.02573092
v -0.99716878 0.03862791 1.02676611
v -1.00603315 0.14525906 1.02476036
v -0.99548652 0.13891813 1.02708968
v -0.99548652 0.12325992 1.02708968
v -1.09610022 0.14525906 1.00489637
v -1.10735862 0.02607545 1.00237298
v -1.10496458 0.03862791 1.00289062
v -0.33641801 0.13891813 1.17286634
v -0.36818739 0.05596841 1.16581366
v -0.37342831 0.10391361 1.16464904
v -0.3426942 0.04406299 1.17144286
v -0.33641801 0.12325992 1.17286634
v -0.44835483 0.02607545 1.14814964
v -0.43767877 -0.03636329 1.15047896
v -0.34631765 -0.03636329 1.17066645
v -1.10658221 0.13891813 1.00256712
v -1.06950712 0.10391361 1.01071971
v -1.07474811 0.05596841 1.00955501
v -1.1002413 0.04406299 1.00392589
v -1.10658221 0.12325992 1.00256712
v -1.00532137 -0.03636329 1.02495442
v -0.99464531 0.02607545 1.02728375
v -1.09668257 -0.03636329 1.0047023
v -0.32632431 0.13891813 1.13812065
v -0.33661215 0.14525906 1.13482077
v -0.3573172 0.05596841 1.1281563
v -0.36242876 0.10391361 1.12653876
v -0.32787714 0.03862791 1.1375383
v -0.33247107 0.04406299 1.13611482
v -0.32632431 0.12325992 1.13812065
v -0.43547888 0.02607545 1.10311611
v -0.4250616 -0.03636329 1.10654541
v -0.33596509 -0.03636329 1.13501492
v -0.32554782 0.02607545 1.13837943
v -0.43308484 0.03862791 1.10395724
v -1.06737194 0.14525906 0.90098279
v -1.07753043 0.13891813 0.89774763
v -1.04142598 0.10391361 0.90926481
v -1.04653754 0.05596841 0.90764719
v -1.07151302 0.04406299 0.89968874
v -1.07597745 0.03862791 0.89826526
v -1.07753043 0.12325992 0.89774763
v -0.97885769 -0.03636329 0.92932286
v -0.9684405 0.02607545 0.93262274
v -1.07837148 0.02607545 0.89742406
v -1.06795429 -0.03636329 0.90078873
v -0.97083453 0.03862791 0.93184625
v -0.4037095 0.05596841 1.11333924
v -0.3984685 0.10391361 1.11495686
v -0.42862034 0.04406299 1.10538071
v -0.43470239 0.13891813 1.10337496
v -0.42441462 0.14525906 1.10667476
v -0.43470239 0.12325992 1.10337496
v -1.00538616 0.10391361 0.92084671
v -1.0002098 0.05596841 0.92246433
v -0.97529911 0.04406299 0.93042285
v -0.97950484 0.14525906 0.92912872
v -0.96921691 0.13891813 0.9324286
v -0.96921691 0.12325992 0.9324286
v -0.27572625 0.13891813 0.96710966
v -0.28581999 0.14525906 0.96355092
v -0.30626625 0.05596841 0.95617475
v -0.31137782 0.10391361 0.95436306
v -0.27721444 0.03862791 0.96665673
v -0.28167894 0.04406299 0.96497448
v -0.27572625 0.12325992 0.96710966
v -0.38358673 0.02607545 0.92854637
v -0.37329896 -0.03636329 0.93223454
v -0.28517292 -0.03636329 0.96374506
v -0.27488512 0.02607545 0.96743315
v -0.38119277 0.03862791 0.92938758
v -1.00816833 0.14525906 0.7049316
v -1.01819739 0.13891813 0.70130823
v -0.98254586 0.10391361 0.71405475
v -0.98759279 0.05596841 0.71224306
v -1.01224462 0.04406299 0.70344341
v -1.0167092 0.03862791 0.70182579
v -1.01819739 0.12325992 0.70130823
v -0.92062472 -0.03636329 0.73618335
v -0.91040159 0.02607545 0.73993615
v -1.0190386 0.02607545 0.70098473
v -1.00875068 -0.03636329 0.70467274
v -0.91266619 0.03862791 0.7390303
v -0.3520762 0.05596841 0.93980478
v -0.34702935 0.10391361 0.94161646
v -0.37672819 0.04406299 0.93094041
v -0.3827456 0.13891813 0.92880523
v -0.37258718 0.14525906 0.9324286
v -0.3827456 0.12325992 0.92880523
v -0.94689433 0.10391361 0.72680127
v -0.94178276 0.05596841 0.72867774
v -0.91719541 0.04406299 0.7374774
v -0.9213365 0.14525906 0.7359892
v -0.911178 0.13891813 0.73961258
v -0.911178 0.12325992 0.73961258
v -0.22351064 0.13891813 0.80561001
v -0.23353967 0.14525906 0.80172786
v -0.2538565 0.05596841 0.79376934
v -0.25883868 0.10391361 0.79182822
v -0.22506351 0.03862791 0.80502774
v -0.22946333 0.04406299 0.80328069
v -0.22351064 0.12325992 0.80561001
v -0.33020646 0.02607545 0.76381164
v -0.32004804 -0.03636329 0.76782322
v -0.23295732 -0.03636329 0.80192192
v -0.22273419 0.02607545 0.80593358
v -0.32787714 0.03862791 0.7647822
v -0.94792952 0.14525906 0.52182107
v -0.95789387 0.13891813 0.51787413
v -0.92263055 0.10391361 0.53172067
v -0.92761268 0.05596841 0.52977956
v -0.95194118 0.04406299 0.52026816
v -0.95640568 0.03862791 0.51852119
v -0.95789387 0.12325992 0.51787413
v -0.86142111 -0.03636329 0.55572563
v -0.85119798 0.02607545 0.55973721
v -0.95867029 0.02607545 0.51761535
v -0.94851187 -0.03636329 0.52156221
v -0.85359201 0.03862791 0.55876665
v -0.29914886 0.05596841 0.7760406
v -0.294102 0.10391361 0.77798172
v -0.32347735 0.04406299 0.76646446
v -0.32943004 0.13891813 0.76413521
v -0.31940105 0.14525906 0.76808208
v -0.32943004 0.12325992 0.76413521
v -0.88736722 0.10391361 0.54556718
v -0.88232037 0.05596841 0.54750829
v -0.85799188 0.04406299 0.5570844
v -0.86206817 0.14525906 0.55546678
v -0.85197447 0.13891813 0.55941372
v -0.85197447 0.12325992 0.55941372
v -0.44259627 0.05596841 1.26856262
v -0.43735528 0.10391361 1.26998609
v -0.47229511 0.03862791 1.26047474
v -0.46776582 0.04406299 1.26176879
v -0.47397737 0.13891813 1.26002182
v -0.46356009 0.14525906 1.2628687
v -0.47397737 0.12325992 1.26002182
v -0.37452829 0.14525906 1.28713248
v -0.36579336 0.03862791 1.2894618
v -0.36339932 0.02607545 1.29017358
v -1.05210203 0.10391361 1.10253376
v -1.04686104 0.05596841 1.10395724
v -1.0216267 0.04406299 1.11088049
v -1.01703269 0.03862791 1.11204519
v -1.02589706 0.14525906 1.10971586
v -1.01541523 0.13891813 1.11249811
v -1.01541523 0.12325992 1.11249811
v -1.11479959 0.14525906 1.08545209
v -1.12605799 0.02607545 1.08241106
v -1.12366395 0.03862791 1.08305805
v -0.36417573 0.13891813 1.28997944
v -0.39555691 0.05596841 1.28137393
v -0.40073319 0.10391361 1.28001516
v -0.37038729 0.04406299 1.28823246
v -0.36417573 0.12325992 1.28997944
v -0.47475378 0.02607545 1.25982768
v -0.46420716 -0.03636329 1.26267463
v -0.37394594 -0.03636329 1.28726191
v -1.12515215 0.13891813 1.08260513
v -1.08859462 0.10391361 1.09256948
v -1.09377097 0.05596841 1.091146
v -1.11900531 0.04406299 1.08428746
v -1.12515215 0.12325992 1.08260513
v -1.02518544 -0.03636329 1.10991001
v -1.01463866 0.02607545 1.11275689
v -1.11544657 -0.03636329 1.08525802
v -0.45288404 0.05596841 1.32498391
v -0.44757841 0.10391361 1.32588975
v -0.48329466 0.03862791 1.31987249
v -0.47863601 0.04406299 1.32064876
v -0.48504163 0.13891813 1.31961364
v -0.47436558 0.14525906 1.32142532
v -0.48504163 0.12325992 1.31961364
v -0.38345738 0.14525906 1.33682466
v -0.37446358 0.03862791 1.33831285
v -0.37200483 0.02607545 1.33876577
v -1.07571875 0.10391361 1.21938807
v -1.07041296 0.05596841 1.22029391
v -1.04466107 0.04406299 1.22462907
v -1.04000242 0.03862791 1.22540548
v -1.04899622 0.14525906 1.22391729
v -1.03832016 0.13891813 1.22572897
v -1.03832016 0.12325992 1.22572897
v -1.13990449 0.14525906 1.20845324
v -1.15129217 0.02607545 1.20651212
v -1.1488335 0.03862791 1.20696505
v -0.37284604 0.13891813 1.33863635
v -0.40493891 0.05596841 1.3331365
v -0.41017983 0.10391361 1.33229544
v -0.37918694 0.04406299 1.33753644
v -0.37284604 0.12325992 1.33863635
v -0.48581812 0.02607545 1.31941957
v -0.47507735 -0.03636329 1.3212959
v -0.38281031 -0.03636329 1.33695409
v -1.15045112 0.13891813 1.20664148
v -1.11311717 0.10391361 1.21298245
v -1.11835817 0.05596841 1.21214133
v -1.14411022 0.04406299 1.20774146
v -1.15045112 0.12325992 1.20664148
v -1.04828444 -0.03636329 1.22404672
v -1.03747896 0.02607545 1.2258584
v -1.14048684 -0.03636329 1.20832381
v -0.47611255 0.05596841 1.44947317
v -0.47080692 0.10391361 1.45057324
v -0.50632902 0.03862791 1.443003
v -0.50167038 0.04406299 1.44397348
v -0.50794664 0.13891813 1.44261471
v -0.49740002 0.14525906 1.44494396
v -0.50794664 0.12325992 1.44261471
v -0.40720352 0.14525906 1.46422552
v -0.39827444 0.03862791 1.46616679
v -0.3958804 0.02607545 1.46661971
v -1.09383561 0.10391361 1.31709017
v -1.08852998 0.05596841 1.31825487
v -1.06297215 0.04406299 1.32368993
v -1.05837814 0.03862791 1.32466057
v -1.0673073 0.14525906 1.3227193
v -1.05676067 0.13891813 1.3250487
v -1.05676067 0.12325992 1.3250487
v -1.15743901 0.14525906 1.30343773
v -1.1687622 0.02607545 1.3010437
v -1.16636817 0.03862791 1.30149662
v -0.39672153 0.13891813 1.46649013
v -0.42849091 0.05596841 1.45969631
v -0.43379654 0.10391361 1.45853176
v -0.40293308 0.04406299 1.46513137
v -0.39672153 0.12325992 1.46649013
v -0.50872306 0.02607545 1.44248529
v -0.49804701 -0.03636329 1.44481468
v -0.40655645 -0.03636329 1.46441974
v -1.167921 0.13891813 1.30117313
v -1.13084591 0.10391361 1.30913165
v -1.1360869 0.05596841 1.30803174
v -1.16170952 0.04406299 1.30253189
v -1.167921 0.12325992 1.30117313
v -1.06653088 -0.03636329 1.32291336
v -1.05591947 0.02607545 1.32517797
v -1.15802136 -0.03636329 1.30330831
v -0.50063518 0.05596841 1.61705494
v -0.49520005 0.10391361 1.61796094
v -0.53104572 0.03862791 1.61194338
v -0.52638708 0.04406299 1.61278458
v -0.53272806 0.13891813 1.61168452
v -0.52205201 0.14525906 1.61349621
v -0.53272806 0.12325992 1.61168452
v -0.43114373 0.14525906 1.62863699
v -0.42208529 0.03862791 1.63012503
v -0.41969126 0.02607545 1.63051332
v -1.12379338 0.10391361 1.51346486
v -1.11842296 0.05596841 1.51430606
v -1.09267091 0.04406299 1.51864122
v -1.08801227 0.03862791 1.51941763
v -1.09700606 0.14525906 1.51792944
v -1.08633001 0.13891813 1.51967633
v -1.08633001 0.12325992 1.51967633
v -1.18797898 0.14525906 1.5027888
v -1.19936681 0.02607545 1.50091248
v -1.19697277 0.03862791 1.50130061
v -0.42046767 0.13891813 1.6303191
v -0.45262526 0.05596841 1.6250781
v -0.45793097 0.10391361 1.62410762
v -0.42680858 0.04406299 1.62928398
v -0.42046767 0.12325992 1.6303191
v -0.53356919 0.02607545 1.61155525
v -0.52276371 -0.03636329 1.61336693
v -0.43043203 -0.03636329 1.62870147
v -1.19859039 0.13891813 1.50097712
v -1.16112717 0.10391361 1.50725338
v -1.1664328 0.05596841 1.50634754
v -1.19224949 0.04406299 1.50201239
v -1.19859039 0.12325992 1.50097712
v -1.09629444 -0.03636329 1.51799423
v -1.08548896 0.02607545 1.51974112
v -1.18862612 -0.03636329 1.50265938
v -0.40396835 0.13891813 1.50880621
v -0.41464441 0.14525906 1.50744745
v -0.43632001 0.05596841 1.50485935
v -0.44162572 0.10391361 1.504277
v -0.40565061 0.03862791 1.50854736
v -0.41037397 0.04406299 1.5080298
v -0.40396835 0.12325992 1.50880621
v -0.51778157 0.02607545 1.49508914
v -0.50697609 -0.03636329 1.49638327
v -0.41399734 -0.03636329 1.50757688
v -0.40319186 0.02607545 1.50887101
v -0.5152581 0.03862791 1.49534784
v -1.17639708 0.14525906 1.41582739
v -1.18707313 0.13891813 1.41459821
v -1.14941585 0.10391361 1.41912743
v -1.15478627 0.05596841 1.41841565
v -1.18073223 0.04406299 1.41530983
v -1.1855203 0.03862791 1.41472748
v -1.18707313 0.12325992 1.41459821
v -1.08419483 -0.03636329 1.42695637
v -1.07332471 0.02607545 1.42825065
v -1.18791434 0.02607545 1.41440399
v -1.17704422 -0.03636329 1.41576291
v -1.07578338 0.03862791 1.427927
v -0.48458871 0.05596841 1.499036
v -0.47921836 0.10391361 1.49968299
v -0.51059946 0.04406299 1.49593034
v -0.51700508 0.13891813 1.49515377
v -0.50626439 0.14525906 1.4964479
v -0.51700508 0.12325992 1.49515377
v -1.1118232 0.10391361 1.42359185
v -1.10645278 0.05596841 1.42423884
v -1.08050682 0.04406299 1.42740929
v -1.08490661 0.14525906 1.42682709
v -1.07416576 0.13891813 1.42812107
v -1.07416576 0.12325992 1.42812107
v -0.50827014 0.05596841 1.67703512
v -0.50283508 0.10391361 1.67742325
v -0.53906896 0.03862791 1.67477051
v -0.53428089 0.04406299 1.67509385
v -0.54075122 0.13891813 1.67457614
v -0.52994581 0.14525906 1.6754175
v -0.54075122 0.12325992 1.67457614
v -0.43800227 0.14525906 1.68214653
v -0.42894383 0.03862791 1.68285831
v -0.42642037 0.02607545 1.68305238
v -1.13835151 0.10391361 1.63077202
v -1.13285181 0.05596841 1.63122494
v -1.10684106 0.04406299 1.63310142
v -1.10211763 0.03862791 1.63342491
v -1.11124085 0.14525906 1.63277792
v -1.10043537 0.13891813 1.63361913
v -1.10043537 0.12325992 1.63361913
v -1.2031844 0.14525906 1.62604874
v -1.21470151 0.02607545 1.62520768
v -1.21224283 0.03862791 1.62540175
v -0.42726157 0.13891813 1.6829231
v -0.45974266 0.05596841 1.6805937
v -0.46504829 0.10391361 1.68014078
v -0.43366719 0.04406299 1.68247018
v -0.42726157 0.12325992 1.6829231
v -0.54159243 0.02607545 1.67457614
v -0.53065752 -0.03636329 1.67535271
v -0.43735528 -0.03636329 1.68221132
v -1.21386045 0.13891813 1.62520768
v -1.17607359 0.10391361 1.62798985
v -1.18144401 0.05596841 1.62766636
v -1.2075194 0.04406299 1.62572524
v -1.21386045 0.12325992 1.62520768
v -1.11046444 -0.03636329 1.63284256
v -1.09959432 0.02607545 1.63361913
v -1.20383139 -0.03636329 1.62598395
v -0.51700508 0.05596841 1.77933092
v -0.51157002 0.10391361 1.77991343
v -0.54767447 0.03862791 1.77583713
v -0.54295119 0.04406299 1.77635454
v -0.54935681 0.13891813 1.77570755
v -0.53861604 0.14525906 1.77687225
v -0.54935681 0.12325992 1.77564307
v -0.44699606 0.14525906 1.78722496
v -0.43787291 0.03862791 1.78826008
v -0.43547888 0.02607545 1.78845415
v -1.14482184 0.10391361 1.70848078
v -1.13938678 0.05596841 1.70906328
v -1.11337603 0.04406299 1.71203967
v -1.10871739 0.03862791 1.71255707
v -1.11777582 0.14525906 1.71152196
v -1.10703513 0.13891813 1.71268665
v -1.10703513 0.12325992 1.71268665
v -1.20939587 0.14525906 1.70116924
v -1.22091313 0.02607545 1.69987527
v -1.21845431 0.03862791 1.70013412
v -0.43632001 0.13891813 1.78838935
v -0.46867166 0.05596841 1.78476598
v -0.47397737 0.10391361 1.784119
v -0.44266091 0.04406299 1.78774237
v -0.43632001 0.12325992 1.78838935
v -0.55019794 0.02607545 1.77557828
v -0.5392631 -0.03636329 1.77680746
v -0.446349 -0.03636329 1.78728945
v -1.22007193 0.13891813 1.70000485
v -1.18241449 0.10391361 1.70421042
v -1.18765548 0.05596841 1.70362822
v -1.21366623 0.04406299 1.70065184
v -1.22007193 0.12325992 1.70000485
v -1.11706419 -0.03636329 1.71158675
v -1.10619392 0.02607545 1.71281593
v -1.21004286 -0.03636329 1.70110476
v -0.52004618 0.05596841 1.85729854
v -0.51461112 0.10391361 1.85736333
v -0.55090964 0.03862791 1.85658676
v -0.54618636 0.04406299 1.85671634
v -0.55265669 0.13891813 1.85658676
v -0.54178649 0.14525906 1.85684562
v -0.55265669 0.12325992 1.85658676
v -0.44958416 0.14525906 1.8587221
v -0.44046102 0.03862791 1.85898095
v -0.43806698 0.02607545 1.85898095
v -1.15168046 0.10391361 1.84396975
v -1.1462454 0.05596841 1.84416381
v -1.12016985 0.04406299 1.84468153
v -1.11538194 0.03862791 1.84474601
v -1.12450501 0.14525906 1.84455194
v -1.11369952 0.13891813 1.8448108
v -1.11369952 0.12325992 1.8448108
v -1.21670741 0.14525906 1.84261098
v -1.22828931 0.02607545 1.84241692
v -1.22583048 0.03862791 1.84241692
v -0.43884347 0.13891813 1.85898095
v -0.4714539 0.05596841 1.85826917
v -0.47675961 0.10391361 1.85813959
v -0.4453138 0.04406299 1.85878689
v -0.43884347 0.12325992 1.85898095
v -0.5534331 0.02607545 1.85652228
v -0.54249827 -0.03636329 1.85678083
v -0.44893718 -0.03636329 1.85878689
v -1.2274481 0.13891813 1.84241692
v -1.18953196 0.10391361 1.84319318
v -1.19483759 0.05596841 1.8430639
v -1.22104241 0.04406299 1.84254619
v -1.2274481 0.12325992 1.84241692
v -1.12379338 -0.03636329 1.84461673
v -1.11285847 0.02607545 1.8448108
v -1.2173544 -0.03636329 1.84261098
v -0.52444596 0.05596841 1.96722952
v -0.5190109 0.10391361 1.96748838
v -0.55524479 0.03862791 1.96522377
v -0.55052143 0.04406299 1.96548263
v -0.55686241 0.13891813 1.9650945
v -0.54605693 0.14525906 1.96574149
v -0.55686241 0.12325992 1.9650945
v -0.45411346 0.14525906 1.97175874
v -0.44505495 0.03862791 1.97234125
v -0.44253156 0.02607545 1.97253531
v -1.15485091 0.10391361 1.92614293
v -1.14941585 0.05596841 1.92646658
v -1.12334031 0.04406299 1.92814868
v -1.11868182 0.03862791 1.92847233
v -1.12774025 0.14525906 1.92788983
v -1.11693477 0.13891813 1.92853712
v -1.11693477 0.12325992 1.92853712
v -1.21968364 0.14525906 1.92187257
v -1.23126554 0.02607545 1.921096
v -1.2288715 0.03862791 1.92129007
v -0.4434374 0.13891813 1.97247052
v -0.47585377 0.05596841 1.97033549
v -0.48128883 0.10391361 1.97001185
v -0.4497783 0.04406299 1.97208239
v -0.4434374 0.12325992 1.97247052
v -0.55776825 0.02607545 1.96496492
v -0.54683334 -0.03636329 1.96574149
v -0.45346639 -0.03636329 1.97182353
v -1.23048912 0.13891813 1.92122559
v -1.19257298 0.10391361 1.92361947
v -1.19800804 0.05596841 1.92329613
v -1.22401879 0.04406299 1.92154893
v -1.23048912 0.12325992 1.92122559
v -1.12702847 -0.03636329 1.92788983
v -1.11609356 0.02607545 1.92860161
v -1.22033078 -0.03636329 1.92180778
v -0.52256956 0.05596841 2.0124572
v -0.5171345 0.10391361 2.01226314
v -0.5534331 0.03862791 2.01355711
v -0.54864503 0.04406299 2.01336305
v -0.55505072 0.13891813 2.0136219
v -0.54430996 0.14525906 2.01323377
v -0.55505072 0.12325992 2.0136219
v -0.45210763 0.14525906 2.00999853
v -0.44298448 0.03862791 2.00973967
v -0.44052573 0.02607545 2.00967488
v -1.15394506 0.10391361 2.03432702
v -1.14851 0.05596841 2.03413296
v -1.12236983 0.04406299 2.03316232
v -1.11764654 0.03862791 2.03303305
v -1.12676961 0.14525906 2.03335639
v -1.11602892 0.13891813 2.03296826
v -1.11602892 0.12325992 2.03296826
v -1.21890723 0.14525906 2.03652684
v -1.23048912 0.02607545 2.03697976
v -1.22803045 0.03862791 2.03685049
v -0.44143157 0.13891813 2.00973967
v -0.47391265 0.05596841 2.01083958
v -0.47928308 0.10391361 2.01103365
v -0.44777248 0.04406299 2.00993374
v -0.44143157 0.12325992 2.00973967
v -0.55595657 0.02607545 2.0136219
v -0.54502166 -0.03636329 2.01329856
v -0.45146056 -0.03636329 2.01006332
v -1.22964807 0.13891813 2.03691528
v -1.19173178 0.10391361 2.035621
v -1.1971022 0.05596841 2.03581506
v -1.22330702 0.04406299 2.0367209
v -1.22964807 0.12325992 2.03691528
v -1.12605799 -0.03636329 2.03335639
v -1.11512308 0.02607545 2.03296826
v -1.21955437 -0.03636329 2.03659163
v -0.52075788 0.05596841 2.13403488
v -0.51532282 0.10391361 2.13403488
v -0.55162142 0.03862791 2.13409967
v -0.54689806 0.04406299 2.13409967
v -0.55323896 0.13891813 2.13403488
v -0.54249827 0.14525906 2.13409967
v -0.55323896 0.12325992 2.13403488
v -0.45029594 0.14525906 2.13403488
v -0.44110808 0.03862791 2.13403488
v -0.43864933 0.02607545 2.13403488
v -1.15245687 0.10391361 2.13442301
v -1.14702181 0.05596841 2.13442301
v -1.12094642 0.04406299 2.13442301
v -1.11622299 0.03862791 2.13442301
v -1.12534621 0.14525906 2.13442301
v -1.11454073 0.13891813 2.13442301
v -1.11454073 0.12325992 2.13442301
v -1.21754846 0.14525906 2.1344878
v -1.22906572 0.02607545 2.1344878
v -1.2266069 0.03862791 2.1344878
v -0.43955517 0.13891813 2.13403488
v -0.47203625 0.05596841 2.13403488
v -0.47747131 0.10391361 2.13403488
v -0.44596079 0.04406299 2.13403488
v -0.43955517 0.12325992 2.13403488
v -0.55414488 0.02607545 2.13403488
v -0.54314526 -0.03636329 2.13403488
v -0.44958416 -0.03636329 2.13403488
v -1.22828931 0.13891813 2.1344878
v -1.19030838 0.10391361 2.13442301
v -1.1956788 0.05596841 2.13442301
v -1.22188361 0.04406299 2.1344878
v -1.22828931 0.12325992 2.1344878
v -1.1245698 -0.03636329 2.13442301
v -1.11363489 0.02607545 2.13442301
v -1.21813081 -0.03636329 2.1344878
v -0.04369995 0.14525906 -1.51627047
v -0.05444072 0.13891813 -1.51627047
v -0.05444072 0.12325992 -1.51627047
v 0.04850233 0.14525906 -1.51627047
v 0.05930779 0.13891813 -1.51627047
v 0.05930779 0.12325992 -1.51627047
v -0.01652454 0.10391361 -1.51627047
v 0.02132692 0.10391361 -1.51627047
v -0.02189492 0.05596841 -1.51627047
v 0.026762 0.05596841 -1.51627047
v 0.62054479 0.13891813 -1.51627047
v 0.62054479 0.12325992 -1.51627047
v 0.63135027 0.14525906 -1.51627047
v 0.7235526 0.14525906 -1.51627047
v 0.73429329 0.13891813 -1.51627047
v 0.73429329 0.12325992 -1.51627047
v 0.65852565 0.10391361 -1.51627047
v 0.69637715 0.10391361 -1.51627047
v 0.65309059 0.05596841 -1.51627047
v 0.70174757 0.05596841 -1.51627047
v -0.0480351 0.04406299 -1.51627047
v -0.05282314 0.03862791 -1.51627047
v -0.15311338 0.03351634 -1.60840793
v 0.05290216 0.04406299 -1.51627047
v 0.0576255 0.03862791 -1.51627047
v -0.05528189 0.02607545 -1.51627047
v -0.15311338 0.01591702 -1.58019721
v -0.17453016 0.01591702 -1.60840793
v 0.06014894 0.02607545 -1.51627047
v -0.15311338 0.03351634 -1.69608097
v -0.17453016 0.01591702 -1.69608097
v -0.15311338 -0 -1.58019721
v -0.17453016 -0 -1.60840793
v -0.04434701 -0.03636329 -1.51627047
v -0.15311338 -0.02769304 -1.60840793
v 0.04921407 -0.03636329 -1.51627047
v -0.17453016 -0 -1.69608097
v -0.15311338 -0.02769304 -1.69608097
v -0.15311338 0.01591702 -1.7242269
v -0.15311338 0.03351634 -1.8676096
v -0.15311338 0.01591702 -1.83946367
v -0.17453016 0.01591702 -1.8676096
v -0.15311338 -0 -1.7242269
v -0.15311338 -0 -1.83946367
v -0.17453016 -0 -1.8676096
v -0.15311338 -0.02769304 -1.8676096
v 0.61970366 0.02607545 -1.51627047
v 0.62695045 0.04406299 -1.51627047
v 0.72788775 0.04406299 -1.51627047
v 0.62222713 0.03862791 -1.51627047
v 0.73267575 0.03862791 -1.51627047
v 0.83296603 0.03351634 -1.60840793
v 0.7351345 0.02607545 -1.51627047
v 0.83296603 0.01591702 -1.58019721
v 0.85438277 0.01591702 -1.60840793
v 0.83296603 0.03351634 -1.69608097
v 0.85438277 0.01591702 -1.69608097
v 0.83296603 -0 -1.58019721
v 0.85438277 -0 -1.60840793
v 0.63063853 -0.03636329 -1.51627047
v 0.72419959 -0.03636329 -1.51627047
v 0.83296603 -0.02769304 -1.60840793
v 0.85438277 -0 -1.69608097
v 0.83296603 -0.02769304 -1.69608097
v 0.83296603 0.01591702 -1.7242269
v 0.83296603 0.03351634 -1.8676096
v 0.83296603 0.01591702 -1.83946367
v 0.85438277 0.01591702 -1.8676096
v 0.83296603 -0 -1.7242269
v 0.83296603 -0 -1.83946367
v 0.85438277 -0 -1.8676096
v 0.83296603 -0.02769304 -1.8676096
v -0.04369995 0.14525906 -2.31451581
v -0.05444072 0.13891813 -2.31451581
v -0.04369995 0.13891813 -2.31451581
v -0.05444072 0.12325992 -2.31451581
v -0.04369995 0.12325992 -2.31451581
v 0.04850233 0.14525906 -2.31451581
v 0.04850233 0.13891813 -2.31451581
v 0.05930779 0.13891813 -2.31451581
v 0.04850233 0.12325992 -2.31451581
v 0.05930779 0.12325992 -2.31451581
v -0.01290117 0.10391361 -2.31451581
v -0.01652454 0.10391361 -2.31451581
v 0.01776822 0.10391361 -2.31451581
v 0.02132692 0.10391361 -2.31451581
v -0.02189492 0.05596841 -2.31451581
v -0.01555398 0.05661544 -2.31451581
v 0.02042106 0.05661544 -2.31451581
v 0.026762 0.05596841 -2.31451581
v 0.62054479 0.13891813 -2.31451581
v 0.62054479 0.12325992 -2.31451581
v 0.63135027 0.14525906 -2.31451581
v 0.63135027 0.13891813 -2.31451581
v 0.7235526 0.14525906 -2.31451581
v 0.73429329 0.13891813 -2.31451581
v 0.7235526 0.13891813 -2.31451581
v 0.63135027 0.12325992 -2.31451581
v 0.73429329 0.12325992 -2.31451581
v 0.7235526 0.12325992 -2.31451581
v 0.66208438 0.10391361 -2.31451581
v 0.65852565 0.10391361 -2.31451581
v 0.69275378 0.10391361 -2.31451581
v 0.69637715 0.10391361 -2.31451581
v 0.65309059 0.05596841 -2.31451581
v 0.65943157 0.05661544 -2.31451581
v 0.70174757 0.05596841 -2.31451581
v 0.69540659 0.05661544 -2.31451581
v -0.15311338 0.03351634 -1.96317668
v -0.17453016 0.01591702 -1.96317668
v -0.15311338 0.01591702 -1.99132261
v -0.15311338 0.01591702 -2.10655907
v -0.17453016 -0 -1.96317668
v -0.15311338 -0 -1.99132261
v -0.15311338 -0.02769304 -1.96317668
v -0.15311338 -0 -2.10655907
v -0.15311338 0.03351634 -2.13470531
v -0.15311338 0.03351634 -2.22237835
v -0.17453016 0.01591702 -2.13470531
v -0.17453016 0.01591702 -2.22237835
v -0.0480351 0.04406299 -2.31451581
v -0.05282314 0.03862791 -2.31451581
v -0.04253529 0.03785147 -2.31451581
v -0.03664731 0.04108664 -2.31451581
v 0.04144967 0.04108664 -2.31451581
v 0.05290216 0.04406299 -2.31451581
v 0.04733767 0.03785147 -2.31451581
v 0.0576255 0.03862791 -2.31451581
v -0.15311338 0.01591702 -2.25058907
v -0.05528189 0.02607545 -2.31451581
v 0.06014894 0.02607545 -2.31451581
v -0.17453016 -0 -2.13470531
v -0.17453016 -0 -2.22237835
v -0.15311338 -0.02769304 -2.13470531
v -0.15311338 -0.02769304 -2.22237835
v -0.15311338 -0 -2.25058907
v -0.04434701 -0.03636329 -2.31451581
v 0.04921407 -0.03636329 -2.31451581
v 0.83296603 0.03351634 -1.96317668
v 0.85438277 0.01591702 -1.96317668
v 0.83296603 0.01591702 -1.99132261
v 0.83296603 0.01591702 -2.10655907
v 0.85438277 -0 -1.96317668
v 0.83296603 -0 -1.99132261
v 0.83296603 -0.02769304 -1.96317668
v 0.83296603 -0 -2.10655907
v 0.61970366 0.02607545 -2.31451581
v 0.83296603 0.03351634 -2.13470531
v 0.83296603 0.03351634 -2.22237835
v 0.85438277 0.01591702 -2.13470531
v 0.85438277 0.01591702 -2.22237835
v 0.63840295 0.04108664 -2.31451581
v 0.62695045 0.04406299 -2.31451581
v 0.71649992 0.04108664 -2.31451581
v 0.72788775 0.04406299 -2.31451581
v 0.63251493 0.03785147 -2.31451581
v 0.62222713 0.03862791 -2.31451581
v 0.73267575 0.03862791 -2.31451581
v 0.7223879 0.03785147 -2.31451581
v 0.7351345 0.02607545 -2.31451581
v 0.83296603 0.01591702 -2.25058907
v 0.85438277 -0 -2.13470531
v 0.85438277 -0 -2.22237835
v 0.83296603 -0.02769304 -2.13470531
v 0.83296603 -0.02769304 -2.22237835
v 0.83296603 -0 -2.25058907
v 0.63063853 -0.03636329 -2.31451581
v 0.72419959 -0.03636329 -2.31451581
# The following MRGB block contains ZBrush Vertex Color (Polypaint) and masking output as 4 hexadecimal values per vertex. The vertex color format is MMRRGGBB with up to 64 entries per MRGB line.
#MRGB ff343434ff343434ff343434ff343434ff343434ff343434ff343434ff343434ff343434ff343434ff343434ff343434ff343434ff343434ff343434ff343434ff343434ff343434ff343434ff343434ff343434ff343434ff343434ff343434ff343434ff343434ff343434ff343434ff343434ff343434ff343434ff343434ff343434ff343434ff343434ff343434ff343434ff343434ff343434ff343434ff343434ff343434ff343434ff343434ff343434ff343434ff343434ff343434ff343434ff343434ff343434ff343434ff343434ff343434ff343434ff343434ff343434ff343434ff343434ff343434ff352319ff352319ff343434ff343434
#MRGB ff343434ff343434ff352319ff352319ff343434ff343434ff352319ff352319ff352319ff352319ff352319ff352319ff352319ff352319ff352319ff352319ff352319ff352319ff352319ff352319ff352319ff352319ff352319ff352319ff352319ff352319ff343434ff343434ff343434ff343434ff343434ff343434ff343434ff343434ff352319ff352319ff352319ff352319ff343434ff343434ff352319ff352319ff352319ff352319ff352319ff352319ff352319ff352319ff352319ff352319ff352319ff352319ff352319ff352319ff352319ff352319ff352319ff352319ff352319ff352319ff352319ff352319ff352319ff352319
#MRGB ff352319ff352319ff352319ff352319ff352319ff352319ff343434ff343434ff352319ff352319ff352319ff352319ff352319ff352319ff352319ff352319ff352319ff352319ff352319ff352319ff352319ff352319ff352319ff352319ff352319ff352319ff352319ff352319ff352319ff352319ff343434ff352319ff352319ff343434ff352319ff352319ff352319ff352319ff352319ff352319ff352319ff352319ff352319ff352319ff352319ff352319ff352319ff352319ff352319ff352319ff352319ff352319ff352319ff352319ff352319ff352319ff352319ff352319ff352319ff352319ff352319ff343434ff343434ff352319
#MRGB ff352319ff343434ff343434ff352319ff352319ff352319ff352319ff343434ff343434ff352319ff352319ff352319ff352319ff352319ff352319ff352319ff352319ff352319ff352319ff352319ff352319ff352319ff352319ff352319ff343434ff343434ff352319ff352319ff343434ff343434ff352319ff352319ff343434ff352319ff352319ff352319ff352319ff343434ff352319ff352319ff352319ff352319ff352319ff352319ff352319ff352319ff352319ff352319ff352319ff352319ff352319ff352319ff352319ff352319ff352319ff352319ff352319ff352319ff352319ff352319ff352319ff352319ff352319ff352319
#MRGB ff352319ff343434ff343434ff352319ff352319ff352319ff352319ff352319ff352319ff352319ff352319ff352319ff352319ff352319ff352319ff352319ff352319ff352319ff352319ff352319ff352319ff352319ff343434ff352319ff352319ff352319ff352319ff343434ff343434ff343434ff343434ff343434ff343434ff343434ff343434ff343434ff343434ff343434ff343434ff343434ff343434ff343434ff343434ff343434ff343434ff343434ff343434ff343434ff352319ff352319ff352319ff352319ff352319ff352319ff352319ff352319ff352319ff352319ff352319ff352319ff352319ff352319ff352319ff352319
#MRGB ff352319ff352319ff352319ff352319ff352319ff352319ff352319ff352319ff352319ff352319ff352319ff352319ff352319ff352319ff352319ff352319ff352319ff352319ff352319ff352319ff352319ff352319ff352319ff352319ff352319ff352319ff352319ff352319ff352319ff352319ff352319ff352319ff352319ff352319ff352319ff352319ff352319ff352319ff352319ff352319ff352319ff352319ff352319ff352319ff352319ff352319ff352319ff352319ff352319ff352319ff352319ff352319ff352319ff352319ff352319ff352319ff352319ff352319ff352319ff352319ff352319ff352319ff352319ff352319
#MRGB ff352319ff352319ff352319ff352319ff352319ff352319ff352319ff352319ff352319ff352319ff352319ff352319ff352319ff352319ff352319ff352319ff352319ff352319ff352319ff352319ff352319ff352319ff343434ff343434ff352319ff343434ff343434ff352319ff352319ff352319ff352319ff343434ff343434ff352319ff352319ff352319ff352319ff352319ff352319ff352319ff352319ff352319ff352319ff352319ff352319ff352319ff352319ff343434ff343434ff352319ff352319ff343434ff343434ff352319ff343434ff352319ff352319ff352319ff352319ff343434ff352319ff352319ff352319ff352319
#MRGB ff352319ff352319ff352319ff352319ff352319ff352319ff352319ff352319ff352319ff352319ff352319ff352319ff352319ff352319ff352319ff352319ff352319ff352319ff352319ff343434ff343434ff352319ff352319ff352319ff352319ff352319ff352319ff352319ff352319ff352319ff352319ff352319ff352319ff352319ff352319ff352319ff352319ff352319ff352319ff343434ff352319ff352319ff352319ff343434ff343434ff343434ff343434ff343434ff343434ff343434ff343434ff343434ff343434ff343434ff343434ff343434ff343434ff343434ff343434ff343434ff343434ff343434ff343434ff343434
#MRGB ff343434ff343434ff343434ff343434ff343434ff343434ff343434ff343434ff343434ff343434ff343434ff343434ff343434ff343434ff343434ff343434ff343434ff343434ff343434ff343434ff343434ff343434ff343434ff343434ff343434ff343434ff343434ff343434ff343434ff343434ff343434ff343434ff343434ff343434ff343434ff343434ff343434ff343434ff343434ff343434ff343434ff343434ff343434ff343434ff343434ff343434ff343434ff343434ff343434ff343434ff343434ff343434ff343434ff343434ff343434ff343434ff343434ff343434ff343434ff343434ff343434ff343434ff343434ff343434
#MRGB ff343434ff343434ff343434ff343434ff343434ff343434ff343434ff343434ff343434ff352319ff352319ff343434ff343434ff343434ff343434ff352319ff352319ff352319ff352319ff352319ff343434ff352319ff352319ff352319ff352319ff352319ff352319ff352319ff352319ff352319ff352319ff352319ff352319ff343434ff343434ff352319ff352319ff352319ff352319ff352319ff343434ff343434ff343434ff343434ff343434ff352319ff352319ff343434ff352319ff352319ff352319ff352319ff352319ff352319ff352319ff352319ff352319ff352319ff352319ff352319ff352319ff352319ff352319ff343434
#MRGB ff343434ff352319ff352319ff352319ff352319ff352319ff352319ff352319ff343434ff343434ff343434ff343434ff343434ff343434ff343434ff343434ff343434ff343434ff343434ff343434ff343434ff343434ff343434ff343434ff343434ff343434ff343434ff343434ff343434ff343434ff343434ff343434ff343434ff343434ff343434ff343434ff343434ff343434ff343434ff343434ff343434ff343434ff343434ff343434ff343434ff343434ff343434ff343434ff343434ff343434ff343434ff343434ff343434ff343434ff343434ff343434ff343434ff343434ff343434ff343434ff343434ff343434ff343434ff343434
#MRGB ff343434ff343434ff343434ff343434ff343434ff343434ff343434ff343434ff343434ff343434ff343434ff343434ff343434ff343434ff343434ff343434ff343434ff343434ff343434ff343434ff343434ff343434ff343434ff343434ff343434ff343434ff343434ff343434ff343434ff343434ff343434ff343434ff343434ff343434ff343434ff343434ff343434ff343434ff343434ff343434ff343434ff343434ff343434ff343434ff343434ff343434ff343434ff343434ff343434ff343434ff343434ff343434ff343434ff343434ff343434ff343434ff343434ff343434ff343434ff343434ff343434ff343434ff343434ff343434
#MRGB ff343434ff343434ff343434ff343434ff343434ff343434ff343434ff343434ff343434ff343434ff343434ff343434ff343434ff343434ff343434ff343434ff343434ff343434ff343434ff343434ff343434ff343434ff343434ff343434ff343434ff343434ff343434ff343434ff343434ff343434ff343434ff343434ff343434ff343434ff343434ff343434ff343434ff343434ff343434ff343434ff343434ff343434ff343434ff343434ff343434ff343434ff343434ff343434ff343434ff343434ff343434ff343434ff343434ff343434ff343434ff343434ff343434ff343434ff343434ff343434ff343434ff343434ff343434ff343434
#MRGB ff343434ff343434ff343434ff343434ff343434ff343434ff343434ff343434ff343434ff343434ff343434ff343434ff343434ff343434ff343434ff343434ff343434ff343434ff343434ff343434ff343434ff343434ff343434ff343434ff343434ff343434ff343434ff343434ff343434ff343434ff343434ff343434ff343434ff343434ff343434ff343434ff343434ff343434ff343434ff343434ff343434ff343434ff343434ff343434ff343434ff343434ff343434ff343434ff343434ff343434ff343434ff343434ff343434ff343434ff343434ff343434ff343434ff352319ff352319ff343434ff343434ff343434ff343434ff343434
#MRGB ff343434ff343434ff343434ff352319ff352319ff352319ff352319ff352319ff343434ff352319ff352319ff352319ff352319ff352319ff352319ff352319ff352319ff352319ff352319ff352319ff352319ff352319ff352319ff352319ff343434ff343434ff352319ff352319ff352319ff352319ff352319ff352319ff352319ff352319ff352319ff352319ff352319ff352319ff352319ff352319ff352319ff352319ff352319ff352319ff352319ff352319ff352319ff352319ff352319ff352319ff352319ff352319ff352319ff352319ff352319ff352319ff352319ff352319ff343434ff343434ff343434ff343434ff343434ff343434
#MRGB ff343434ff343434ff343434ff352319ff352319ff343434ff352319ff352319ff352319ff352319ff352319ff352319ff352319ff352319ff352319ff352319ff352319ff352319ff352319ff352319ff352319ff352319ff352319ff352319ff343434ff343434ff352319ff352319ff352319ff352319ff352319ff352319ff352319ff352319ff352319ff352319ff352319ff352319ff352319ff352319ff352319ff352319ff352319ff352319ff352319ff352319ff352319ff352319ff352319ff352319ff352319ff352319ff352319ff352319ff352319ff352319ff352319ff352319ff352319ff352319ff343434ff343434ff343434ff343434
#MRGB ff343434ff343434ff343434ff343434ff343434ff343434ff343434ff343434ff343434ff343434ff343434ff343434ff343434ff343434ff343434ff343434ff352319ff352319ff352319ff352319ff352319ff352319ff352319ff352319ff352319ff352319ff352319ff352319ff352319ff352319ff352319ff352319ff352319ff352319ff352319ff352319ff352319ff352319ff352319ff352319ff352319ff352319ff352319ff352319ff352319ff352319ff352319ff352319ff352319ff352319ff352319ff352319ff352319ff343434ff352319ff343434ff343434ff343434ff352319ff352319ff343434ff352319ff352319ff343434
#MRGB ff352319ff352319ff352319ff352319ff352319ff352319ff352319ff352319ff352319ff352319ff352319ff352319ff343434ff343434ff352319ff352319ff352319ff352319ff352319ff352319ff352319ff352319ff352319ff352319ff352319ff352319ff352319ff352319ff352319ff352319ff352319ff352319ff352319ff352319ff352319ff352319ff352319ff352319ff352319ff352319ff352319ff352319ff352319ff352319ff343434ff352319ff352319ff352319ff352319ff352319ff352319ff343434ff343434ff343434ff343434ff352319ff352319ff343434ff352319ff352319ff352319ff352319ff352319ff352319
#MRGB ff352319ff352319ff352319ff352319ff352319ff352319ff352319ff352319ff343434ff343434ff352319ff352319ff343434ff343434ff343434ff343434ff343434ff343434ff343434ff343434ff343434ff343434ff343434ff343434ff343434ff343434ff343434ff343434ff343434ff343434ff343434ff343434ff343434ff343434ff343434ff343434ff343434ff343434ff343434ff343434ff343434ff343434ff343434ff343434ff343434ff343434ff343434ff343434ff343434ff343434ff343434ff343434ff343434ff343434ff343434ff343434ff343434ff343434ff343434ff343434ff343434ff343434ff343434ff343434
#MRGB ff343434ff343434ff343434ff343434ff343434ff343434ff343434ff343434ff343434ff343434ff343434ff343434ff343434ff343434ff343434ff343434ff343434ff343434ff343434ff343434ff343434ff343434ff343434ff343434ff343434ff343434ff343434ff343434ff343434ff343434ff343434ff343434ff343434ff343434ff343434ff343434ff343434ff343434ff343434ff343434ff343434ff343434ff343434ff343434ff343434ff343434ff343434ff343434ff343434ff343434ff343434ff343434ff343434ff343434ff343434ff343434ff343434ff343434ff343434ff343434ff343434ff343434ff343434ff343434
#MRGB ff343434ff343434ff343434ff343434ff343434ff343434ff343434ff343434ff343434ff343434ff343434ff343434ff343434ff343434ff343434ff343434ff343434ff343434ff343434ff343434ff343434ff343434ff343434ff343434ff343434ff343434ff343434ff343434ff343434ff343434ff343434ff343434ff343434ff343434ff343434ff343434ff343434ff343434ff343434ff343434ff343434ff343434ff343434ff343434ff343434ff343434ff343434ff343434ff343434ff343434ff343434ff343434ff343434ff343434ff343434ff343434ff343434ff343434ff343434ff343434ff343434ff343434ff343434ff343434
#MRGB ff343434ff343434ff343434ff343434ff343434ff343434ff343434ff343434ff343434ff343434ff343434ff343434ff343434ff343434ff343434ff343434ff343434ff343434ff343434ff343434ff343434ff343434ff343434ff343434ff343434ff343434ff343434ff343434ff343434ff343434ff343434ff343434ff343434ff343434ff343434ff343434ff343434ff343434ff343434ff343434ff343434ff343434ff343434ff343434ff343434ff343434ff343434ff343434ff343434ff343434ff343434ff343434ff343434ff343434ff343434ff343434ff343434ff343434ff343434ff343434ff343434ff343434ff343434ff343434
#MRGB ff343434ff343434ff343434ff343434ff343434ff343434ff343434ff343434ff343434ff343434ff343434ff343434ff343434ff343434ff343434ff343434ff343434ff343434ff343434ff343434ff343434ff343434ff343434ff343434ff343434ff343434ff343434ff343434ff343434ff343434ff343434ff343434ff343434ff343434ff343434ff343434ff343434ff343434ff343434ff343434ff343434ff343434ff343434ff343434ff343434ff343434ff343434ff343434ff343434ff343434ff343434ff343434ff343434ff343434ff343434ff343434ff343434ff343434ff343434ff343434ff343434ff343434ff343434ff343434
#MRGB ff343434ff343434ff343434ff343434ff343434ff343434ff343434ff343434ff343434ff343434ff343434ff343434ff343434ff343434ff343434ff343434ff343434ff343434ff343434ff343434ff343434ff343434ff343434ff343434ff343434ff343434ff343434ff343434ff343434ff343434ff343434ff343434ff343434ff343434ff343434ff343434ff343434ff343434ff343434ff343434ff343434ff343434ff343434ff343434ff343434ff343434ff343434ff343434ff343434ff343434ff343434ff343434ff343434ff343434ff343434ff343434ff343434ff343434ff343434ff343434ff343434ff343434ff343434ff343434
#MRGB ff343434ff343434ff343434ff343434ff343434ff343434ff343434ff343434ff343434ff343434ff343434ff343434ff343434ff343434ff343434ff343434ff343434ff343434ff343434ff343434ff343434ff343434ff343434ff343434ff343434ff343434ff343434ff343434ff343434ff343434ff343434ff343434ff343434ff343434ff343434ff343434ff343434ff343434ff343434ff343434ff343434ff343434ff343434ff343434ff343434ff343434ff343434ff343434ff343434ff343434ff343434ff343434ff343434ff343434ff343434ff343434ff343434ff343434ff343434ff343434ff343434ff343434ff343434ff343434
#MRGB ff343434ff343434ff343434ff343434ff343434ff343434ff343434ff343434ff343434ff343434ff343434ff343434ff343434ff343434ff343434ff343434ff343434ff343434ff343434ff343434ff343434ff343434ff343434ff343434ff343434ff343434ff343434ff343434ff343434ff343434ff343434ff343434ff343434ff343434ff343434ff343434ff343434ff343434ff343434ff343434ff343434ff343434ff343434ff343434ff343434ff343434ff343434ff343434ff343434ff343434ff343434ff343434ff343434ff343434ff343434ff343434ff343434ff343434ff343434ff343434ff343434ff343434ff343434ff343434
#MRGB ff343434ff343434ff343434ff343434ff343434ff343434ff343434ff343434ff343434ff343434ff343434ff343434ff343434ff343434ff343434ff343434ff343434ff343434ff343434ff343434ff343434ff343434ff343434ff343434ff343434ff343434ff343434ff343434ff343434ff343434ff343434ff343434ff343434ff343434ff343434ff343434ff343434ff343434ff343434ff343434ff343434ff343434ff343434ff343434ff343434ff343434ff343434ff343434ff343434ff343434ff343434ff343434ff343434ff343434ff343434ff343434ff343434ff343434ff343434ff343434ff343434ff343434ff343434ff343434
#MRGB ff343434ff343434ff343434ff343434ff343434ff343434ff343434ff343434ff343434ff343434ff343434ff343434ff343434ff343434ff343434ff343434ff343434ff343434ff343434ff343434ff343434ff343434ff343434ff343434ff343434ff343434ff343434ff343434ff343434ff343434ff343434ff343434ff343434ff343434ff343434ff343434ff343434ff343434ff343434ff343434ff343434ff343434ff343434ff343434ff343434ff343434ff343434ff343434ff343434ff343434ff343434ff343434ff343434ff343434ff343434ff343434ff343434ff343434ff343434ff343434ff343434ff343434ff343434ff343434
#MRGB ff343434ff343434ff343434ff343434ff343434ff343434ff352319ff343434ff343434ff343434ff352319ff352319ff343434ff352319ff352319ff352319ff352319ff343434ff352319ff343434ff352319ff352319ff352319ff352319ff352319ff352319ff352319ff352319ff352319ff352319ff343434ff343434ff343434ff343434ff343434ff352319ff343434ff352319ff352319ff352319ff352319ff352319ff352319ff343434ff343434ff352319ff352319ff352319ff352319ff352319ff352319ff352319ff352319ff352319ff352319ff352319ff343434ff343434ff343434ff343434ff343434ff343434ff343434ff343434
#MRGB ff343434ff343434ff343434ff343434ff343434ff343434ff343434ff343434ff343434ff343434ff343434ff343434ff343434ff343434ff343434ff343434ff343434ff343434ff343434ff343434ff343434ff343434ff343434ff343434ff343434ff343434ff343434ff343434ff352319ff352319ff352319ff352319ff352319ff352319ff352319ff352319ff352319ff352319ff352319ff352319ff343434ff343434ff343434ff343434ff343434ff343434ff343434ff343434ff352319ff343434ff343434ff352319ff352319ff352319ff352319ff352319ff343434ff343434ff352319ff352319ff352319ff352319ff352319ff352319
#MRGB ff352319ff352319ff343434ff352319ff352319ff352319ff352319ff343434ff343434ff343434ff343434ff343434ff343434ff343434ff343434ff343434ff352319ff352319ff352319ff352319ff352319ff352319ff343434ff343434
# End of MRGB block 
vt 0.48983 0.36016
vt 0.4911 0.35085
vt 0.78536 0.27697
vt 0.79566 0.27544
vt 0.75275 0.27587
vt 0.75494 0.2762
vt 0.49526 0.31949
vt 0.49554 0.31712
vt 0.75207 0.2733
vt 0.75488 0.27457
vt 0.49714 0.30625
vt 0.49879 0.29742
vt 0.49564 0.24859
vt 0.49484 0.24747
vt 0.74966 0.27225
vt 0.74655 0.27203
vt 0.49281 0.33951
vt 0.49315 0.33708
vt 0.77325 0.2783
vt 0.77571 0.27839
vt 0.74229 0.2726
vt 0.74389 0.27272
vt 0.49965 0.29219
vt 0.49983 0.29088
vt 0.75177 0.27543
vt 0.49592 0.31416
vt 0.49235 0.34255
vt 0.77811 0.27818
vt 0.73451 0.27131
vt 0.49951 0.26109
vt 0.49678 0.25065
vt 0.74432 0.27188
vt 0.73994 0.27238
vt 0.50004 0.28859
vt 0.50049 0.27739
vt 0.73099 0.27137
vt 0.49191 0.24274
vt 0.83762 0.54219
vt 0.83777 0.54213
vt 0.83765 0.54219
vt 0.72566 0.10146
vt 0.72539 0.09856
vt 0.72678 0.09788
vt 0.72677 0.10261
vt 0.83735 0.54237
vt 0.83728 0.54238
vt 0.85939 0.3049
vt 0.91854 0.13283
vt 0.93092 0.13327
vt 0.87514 0.30957
vt 0.83771 0.54216
vt 0.83777 0.54214
vt 0.64164 0.89293
vt 0.82384 0.88833
vt 0.8238 0.8943
vt 0.64297 0.89722
vt 0.82961 0.89938
vt 0.82941 0.92339
vt 0.8239 0.92062
vt 0.82385 0.90429
vt 0.84319 0.30551
vt 0.8534 0.3029
vt 0.84261 0.30977
vt 0.82385 0.89717
vt 0.6433 0.89932
vt 0.93675 0.13451
vt 0.8811 0.31128
vt 0.8921 0.11852
vt 0.82231 0.29025
vt 0.81953 0.28944
vt 0.88971 0.11715
vt 0.84171 0.75616
vt 0.90918 0.58671
vt 0.91393 0.58924
vt 0.84856 0.75739
vt 0.83183 0.89183
vt 0.82888 0.89212
vt 0.82887 0.8732
vt 0.83186 0.87337
vt 0.63617 0.90765
vt 0.63894 0.92148
vt 0.63836 0.92385
vt 0.63497 0.90283
vt 0.82637 0.29649
vt 0.82478 0.29813
vt 0.83747 0.54238
vt 0.83733 0.54244
vt 0.83746 0.54238
vt 0.82371 0.93067
vt 0.82376 0.93675
vt 0.63736 0.92924
vt 0.89748 0.12199
vt 0.82915 0.29248
vt 0.83732 0.54244
vt 0.82322 0.87217
vt 0.8523 0.76066
vt 0.85126 0.75806
vt 0.85675 0.75986
vt 0.8434 0.30324
vt 0.85076 0.30155
vt 0.83781 0.54213
vt 0.88773 0.47505
vt 0.9107 0.29686
vt 0.91587 0.29783
vt 0.89485 0.47656
vt 0.82196 0.30162
vt 0.82914 0.92876
vt 0.82373 0.92778
vt 0.87116 0.76633
vt 0.87663 0.76891
vt 0.86727 0.76956
vt 0.91216 0.29049
vt 0.91919 0.28968
vt 0.91942 0.29385
vt 0.91664 0.29486
vt 0.91597 0.59
vt 0.91201 0.13152
vt 0.90719 0.12918
vt 0.91347 0.12882
vt 0.86525 0.77136
vt 0.87293 0.77285
vt 0.91408 0.13214
vt 0.91636 0.12878
vt 0.84908 0.76033
vt 0.72239 0.05918
vt 0.72251 0.0692
vt 0.72195 0.06864
vt 0.72112 0.05996
vt 0.93274 0.59214
vt 0.93827 0.59321
vt 0.81984 0.74645
vt 0.81714 0.74522
vt 0.89034 0.57473
vt 0.89307 0.57591
vt 0.92045 0.59103
vt 0.8604 0.77604
vt 0.89404 0.289
vt 0.89136 0.28818
vt 0.91763 0.12511
vt 0.91018 0.12339
vt 0.82656 0.74949
vt 0.89904 0.57929
vt 0.72253 0.07406
vt 0.72186 0.07572
vt 0.88806 0.47986
vt 0.00898 0.82391
vt 0.18106 0.88303
vt 0.18062 0.89541
vt 0.00431 0.83966
vt 0.74868 0.27295
vt 0.74856 0.27223
vt 0.78325 0.27488
vt 0.75618 0.27356
vt 0.78254 0.27673
vt 0.89988 0.29163
vt 0.01856 -0.00866
vt 0.02354 -0.014
vt 0.02465 -0.00841
vt 0.01846 -0.00516
vt 0.02262 -0.00669
vt 0.14155 -0.02815
vt 0.13 -0.02842
vt 0.02066 -0.00087
vt 0.02828 -0.00815
vt 0.13283 -0.02593
vt 0.13522 -0.02558
vt 0.02577 -0.00805
vt 0.6379 0.88161
vt 0.64055 0.89809
vt 0.71884 0.00966
vt 0.71879 0.00831
vt 0.72051 0.00729
vt 0.72066 0.00887
vt 0.13348 -0.03535
vt 0.12936 -0.02869
vt 0.02144 -0.004
vt 0.02118 -0.001
vt 0.02475 -0.00118
vt 0.77497 0.27812
vt 0.02424 0.0001
vt 0.0187 -0.00622
vt 0.19536 0.85658
vt 0.19673 0.85419
vt 0.18878 0.88213
vt 0.19049 0.87468
vt 0.13183 -0.02643
vt 0.12892 -0.02665
vt 0.77927 0.27766
vt 0.64042 0.90085
vt 0.7461 0.27201
vt 0.01062 0.80794
vt 0.01232 0.81529
vt 0.01098 0.81793
vt 0.00836 0.80773
vt 0.95708 0.28947
vt 0.94185 0.28425
vt 0.94581 0.28251
vt 0.95927 0.28567
vt 0.75788 0.27478
vt 0.75365 0.27522
vt 0.02138 0.79368
vt 0.19189 0.86197
vt 0.1847 0.87169
vt 0.0154 0.8087
vt 0.97153 0.10401
vt 0.97374 0.10444
vt 0.94012 0.28171
vt 0.93737 0.28156
vt 0.97843 0.10469
vt 0.89772 0.47726
vt 0.918 0.29783
vt 0.92245 0.29727
vt 0.90401 0.47784
vt 0.98963 0.10404
vt 0.93447 0.29452
vt 0.9204 0.47881
vt 0.94043 0.29439
vt 0.92659 0.47914
vt 0.93052 0.28155
vt 0.93866 0.28448
vt 0.02362 0.78683
vt 0.02443 0.78406
vt 0.86458 0.47198
vt 0.86169 0.47181
vt 0.7225 0.07871
vt 0.72204 0.07834
vt 0.17937 0.90125
vt 0.00259 0.84563
vt 0.95625 0.29126
vt 0.9662 0.10234
vt 0.01737 0.7909
vt 0.01573 0.78932
vt 0.88837 0.48212
vt 0.74693 0.27283
vt 0.95307 0.29652
vt 0.91622 0.27823
vt 0.95588 0.09747
vt 0.13687 -0.02749
vt 0.72139 0.05489
vt 0.71886 0.04045
vt 0.71977 0.02382
vt 0.73039 0.04668
vt 0.72802 0.08771
vt 0.72621 0.09375
vt 0.72523 0.09625
vt 0.13438 -0.02786
vt 0.01224 0.78649
vt 0.73 0.04827
vt 0.72169 0.05546
vt 0.13259 -0.03049
vt 0.1316 -0.03008
vt 0.72028 0.05503
vt 0.18511 0.88085
vt 0.18506 0.87796
vt 0.0041 0.80716
vt 0.64329 0.90454
vt 0.64028 0.9159
vt 0.72812 0.05599
vt 0.72646 0.07407
vt 0.7293 0.05584
vt 0.72716 0.07391
vt 0.18236 0.87651
vt 0.18175 0.87858
vt 0.72229 0.08043
vt 0.36426 0.08766
vt 0.365 0.09664
vt 0.36782 0.12933
vt 0.36761 0.12701
vt 0.72744 0.11828
vt 0.36958 0.14911
vt 0.36878 0.14015
vt 0.72653 0.10933
vt 0.36372 0.08096
vt 0.72009 0.05379
vt 0.36383 0.0823
vt 0.36592 0.1075
vt 0.36612 0.10984
vt 0.36025 0.03516
vt 0.36015 0.03382
vt 0.36808 0.13224
vt 0.36567 0.10458
vt 0.71974 0.05156
vt 0.36353 0.07858
vt 0.36262 0.06676
vt 0.35975 0.02847
vt 0.71859 0.00297
vt 0.71893 0.01202
vt 0.36131 0.04934
vt 0.36043 0.03755
vt 0.83989 0.5389
vt 0.83972 0.54092
vt 0.83714 0.54157
vt 0.83432 0.54239
vt 0.83031 0.54255
vt 0.83984 0.54074
vt 0.83967 0.54105
vt 0.87175 0.47262
vt 0.83935 0.54216
vt 0.83626 0.54446
vt 0.86995 0.47714
vt 0.86877 0.47909
vt 0.84001 0.54127
vt 0.83964 0.54156
vt 0.84417 0.29847
vt 0.84101 0.54079
vt 0.84097 0.54434
vt 0.83958 0.54135
vt 0.92286 0.58552
vt 0.91472 0.58519
vt 0.91584 0.58194
vt 0.93565 0.58887
vt 0.9169 0.5873
vt 0.86681 0.48313
vt 0.75516 0.27597
vt 0.97962 0.09893
vt 0.97425 0.1016
vt 0.88878 0.48638
vt 0.71899 0.00195
vt 0.97171 0.10003
vt 0.97266 0.09683
vt 0.7269 0.10989
vt 0.45269 0.32372
vt 0.45717 0.31431
vt 0.13986 0.35467
vt 0.14071 0.35518
vt 0.14006 0.35628
vt 0.13901 0.35572
vt 0.14265 0.34818
vt 0.14188 0.34268
vt 0.14407 0.35418
vt 0.14189 0.35124
vt 0.48294 0.26983
vt 0.48267 0.27022
vt 0.46257 0.3174
vt 0.46353 0.31683
vt 0.13829 0.3513
vt 0.13831 0.34696
vt 0.13905 0.34629
vt 0.13905 0.35034
vt 0.14157 0.35416
vt 0.14058 0.35363
vt 0.46078 0.31724
vt 0.46419 0.30813
vt 0.1165 0.33321
vt 0.12702 0.32581
vt 0.13235 0.3306
vt 0.12284 0.33514
vt 0.13618 0.35402
vt 0.11916 0.35219
vt 0.12568 0.34824
vt 0.13696 0.34739
vt 0.47131 0.29065
vt 0.47258 0.28943
vt 0.12939 0.32479
vt 0.13399 0.3302
vt 0.47618 0.27801
vt 0.72026 0.65601
vt 0.72158 0.65387
vt 0.72721 0.65588
vt 0.7063 0.66559
vt 0.7028 0.66057
vt 0.40463 0.76457
vt 0.4002 0.74809
vt 0.61327 0.71775
vt 0.61541 0.73404
vt 0.71695 0.65497
vt 0.71884 0.65302
vt 0.63135 0.97463
vt 0.63353 0.9717
vt 0.8184 0.98154
vt 0.81979 0.98169
vt 0.82176 0.98161
vt 0.82036 0.98135
vt 0.8283 0.98146
vt 0.83159 0.98173
vt 0.37781 0.74824
vt 0.372 0.74724
vt 0.37662 0.74158
vt 0.81849 0.98147
vt 0.63399 0.97013
vt 0.39851 0.74184
vt 0.61233 0.71161
vt 0.61193 0.70866
vt 0.39768 0.73886
vt 0.08192 0.72976
vt 0.08074 0.72252
vt 0.37279 0.66744
vt 0.3745 0.67447
vt 0.83183 0.98181
vt 0.82162 0.98168
vt 0.62583 0.9677
vt 0.6243 0.97185
vt 0.61983 0.98391
vt 0.62773 0.95256
vt 0.39676 0.74184
vt 0.38923 0.73859
vt 0.38969 0.7364
vt 0.68785 0.65163
vt 0.68912 0.64634
vt 0.69621 0.64844
vt 0.62321 0.98134
vt 0.83155 0.98207
vt 0.83674 0.98226
vt 0.39675 0.73162
vt 0.61085 0.70137
vt 0.68406 0.65044
vt 0.68024 0.64413
vt 0.68626 0.64557
vt 0.70047 0.65745
vt 0.07884 0.71361
vt 0.08019 0.71962
vt 0.07493 0.71985
vt 0.38806 0.73634
vt 0.37884 0.73393
vt 0.37983 0.73096
vt 0.37736 0.73172
vt 0.37557 0.72458
vt 0.37807 0.72363
vt 0.71195 0.65131
vt 0.09615 0.76635
vt 0.09437 0.75951
vt 0.36152 0.68862
vt 0.36135 0.69482
vt 0.39199 0.74543
vt 0.83319 0.98184
vt 0.07452 0.69569
vt 0.0775 0.69366
vt 0.07814 0.69902
vt 0.36478 0.71044
vt 0.36639 0.70583
vt 0.36808 0.71243
vt 0.36502 0.71339
vt 0.37211 0.66464
vt 0.62846 0.69572
vt 0.62368 0.69092
vt 0.62972 0.68901
vt 0.07464 0.69233
vt 0.077 0.69111
vt 0.63074 0.71789
vt 0.63595 0.72159
vt 0.62972 0.72285
vt 0.06952 0.69038
vt 0.07195 0.69914
vt 0.36654 0.6371
vt 0.36764 0.64291
vt 0.36608 0.63431
vt 0.37088 0.65876
vt 0.07065 0.67107
vt 0.0753 0.68489
vt 0.36237 0.71258
vt 0.36316 0.71462
vt 0.61896 0.7093
vt 0.61853 0.71211
vt 0.36214 0.61133
vt 0.36495 0.62738
vt 0.61584 0.71316
vt 0.09241 0.76145
vt 0.61589 0.70534
vt 0.63027 0.69831
vt 0.61667 0.70802
vt 0.63417 0.18057
vt 0.63827 0.19427
vt 0.38098 0.22919
vt 0.37875 0.21289
vt 0.36133 0.70727
vt 0.14291 0.58734
vt 0.14496 0.57771
vt 0.14804 0.58318
vt 0.14664 0.59635
vt 0.14694 0.57008
vt 0.14385 0.55705
vt 0.47937 0.54385
vt 0.48007 0.56028
vt 0.14802 0.57731
vt 0.1478 0.57495
vt 0.48008 0.56649
vt 0.48017 0.56946
vt 0.62968 0.97022
vt 0.48054 0.57684
vt 0.47956 0.59286
vt 0.14584 0.60265
vt 0.14556 0.60525
vt 0.14169 0.5816
vt 0.14371 0.57496
vt 0.37584 0.17438
vt 0.37365 0.17673
vt 0.37317 0.17364
vt 0.37518 0.17168
vt 0.14508 0.611
vt 0.47982 0.60283
vt 0.48045 0.60878
vt 0.47964 0.59997
vt 0.62925 0.96839
vt 0.63547 0.17325
vt 0.63659 0.17636
vt 0.63309 0.17537
vt 0.63279 0.17284
vt 0.63297 0.15218
vt 0.63257 0.16649
vt 0.37788 0.1967
vt 0.37699 0.18118
vt 0.99804 0.10426
vt 0.96763 0.28812
vt 0.96493 0.28723
vt 0.99525 0.10423
vt 0.09347 0.75681
vt 0.09133 0.75127
vt 0.36007 0.67998
vt 0.36164 0.686
vt 0.10892 0.81366
vt 0.10382 0.79796
vt 0.36565 0.71856
vt 0.37404 0.72825
vt 0.10219 0.79195
vt 0.63155 0.14197
vt 0.6319 0.1449
vt 0.10132 0.7891
vt 0.63104 0.13582
vt 0.37349 0.1661
vt 0.90903 0.27651
vt 0.94939 0.09522
vt 0.63996 0.16981
vt 0.64034 0.17871
vt 0.09131 0.75818
vt 0.48522 0.56546
vt 0.48571 0.56944
vt 0.63672 0.14051
vt 0.48233 0.59811
vt 0.48784 0.58356
vt 0.49066 0.58656
vt 0.48218 0.60155
vt 0.373 0.19619
vt 0.3707 0.19606
vt 0.63364 0.96599
vt 0.62979 0.95694
vt 0.36687 0.19578
vt 0.49417 0.59072
vt 0.37799 0.2038
vt 0.37797 0.20669
vt 0.39689 0.70862
vt 0.39676 0.70571
vt 0.6067 0.6751
vt 0.60718 0.67802
vt 0.63733 0.14442
vt 0.00804 0.12653
vt 0.00725 0.11755
vt 0.0107 0.15916
vt 0.01051 0.15684
vt 0.01225 0.17896
vt 0.01156 0.16999
vt 0.00678 0.1122
vt 0.00666 0.11085
vt 0.00916 0.1397
vt 0.00896 0.13737
vt 0.0026 0.06511
vt 0.00247 0.06376
vt 0.01093 0.16207
vt 0.00872 0.13445
vt 0.00542 0.09668
vt 0.00645 0.10848
vt 0.00195 0.05843
vt 0.00282 0.06748
vt 0.00388 0.07926
vt 0.80316 0.34845
vt 0.79728 0.34741
vt 0.78855 0.34067
vt 0.7677 0.33557
vt 0.76706 0.33998
vt 0.76094 0.34018
vt 0.74819 0.33451
vt 0.77867 0.33878
vt 0.79453 0.34692
vt 0.09905 0.78204
vt 0.76577 0.34215
vt 0.76814 0.3429
vt 0.66452 0.63959
vt 0.09741 0.79429
vt 0.09611 0.79053
vt 0.62864 0.94973
vt 0.77414 0.34428
vt 0.77045 0.34006
vt 0.38407 0.72392
vt 0.39707 0.71581
vt 0.60833 0.68528
vt 0.78793 0.34586
vt 0.3709 0.63742
vt 0.37816 0.66096
vt 0.37183 0.63363
vt 0.63247 0.68928
vt 0.63167 0.69565
vt 0.37539 0.65949
vt 0.07536 0.72382
vt 0.40635 0.77082
vt 0.61617 0.74021
vt 0.36987 0.61229
vt 0.09003 0.77788
vt 0.08689 0.77558
vt 0.08184 0.77212
vt 0.46361 0.30691
vt 0.46672 0.29269
vt 0.46119 0.30414
vt 0.47048 0.29124
vt 0.46226 0.30557
vt 0.48332 0.27166
vt 0.48261 0.27035
vt 0.47934 0.28183
vt 0.39392 0.33003
vt 0.22151 0.36321
vt 0.22101 0.35427
vt 0.39385 0.32096
vt 0.38179 0.27998
vt 0.21461 0.31426
vt 0.21432 0.31397
vt 0.38193 0.27953
vt 0.39161 0.31839
vt 0.22375 0.35078
vt 0.22417 0.34986
vt 0.39098 0.31762
vt 0.22291 0.3519
vt 0.3927 0.31924
vt 0.39021 0.31091
vt 0.22307 0.34354
vt 0.38929 0.29606
vt 0.21932 0.32982
vt 0.21961 0.329
vt 0.38897 0.29541
vt 0.21266 0.31308
vt 0.38299 0.27787
vt 0.39063 0.30994
vt 0.39135 0.30874
vt 0.38043 0.2856
vt 0.38168 0.2808
vt 0.38312 0.29252
vt 0.39276 0.30623
vt 0.39143 0.2974
vt 0.38961 0.29638
vt 0.144 0.36906
vt 0.1374 0.37081
vt 0.13924 0.36472
vt 0.14309 0.36004
vt 0.13081 0.32436
vt 0.13509 0.33046
vt 0.13787 0.36487
vt 0.13549 0.36871
vt 0.13208 0.36856
vt 0.1374 0.36445
vt 0.13838 0.36508
vt 0.13911 0.36404
vt 0.1365 0.32304
vt 0.13939 0.33345
vt 0.22238 0.34284
vt 0.21757 0.33191
vt 0.2192 0.34074
vt 0.21907 0.33027
vt 0.2211 0.34214
vt 0.22015 0.31747
vt 0.2149 0.31487
vt 0.22174 0.32422
vt 0.12658 0.49193
vt 0.46028 0.50598
vt 0.45982 0.51509
vt 0.12627 0.50096
vt 0.54118 0.5234
vt 0.53095 0.52674
vt 0.53127 0.52632
vt 0.54077 0.52309
vt 0.54523 0.53225
vt 0.52252 0.53602
vt 0.52807 0.52794
vt 0.54436 0.52373
vt 0.12682 0.48521
vt 0.45877 0.50311
vt 0.459 0.5037
vt 0.12676 0.48656
vt 0.12607 0.51193
vt 0.4566 0.51946
vt 0.45617 0.52057
vt 0.12605 0.51429
vt 0.54339 0.50982
vt 0.52658 0.5015
vt 0.52591 0.50084
vt 0.54383 0.51004
vt 0.53014 0.5272
vt 0.5423 0.5234
vt 0.45741 0.51814
vt 0.12611 0.50898
vt 0.12598 0.53169
vt 0.45635 0.52891
vt 0.5333 0.51137
vt 0.53288 0.51275
vt 0.52414 0.51071
vt 0.52878 0.50857
vt 0.52387 0.49905
vt 0.54826 0.51053
vt 0.54173 0.50929
vt 0.53923 0.50948
vt 0.53011 0.50419
vt 0.52666 0.50218
vt 0.13142 0.43907
vt 0.46001 0.48087
vt 0.45939 0.48188
vt 0.13111 0.44145
vt 0.53314 0.51307
vt 0.5246 0.51111
vt 0.61391 0.33653
vt 0.61305 0.33842
vt 0.61044 0.33708
vt 0.6112 0.33529
vt 0.61984 0.35006
vt 0.61968 0.35098
vt 0.61129 0.35076
vt 0.61152 0.35014
vt 0.60462 0.3514
vt 0.60576 0.35076
vt 0.91423 0.92561
vt 0.91572 0.92324
vt 0.92133 0.92469
vt 0.54269 0.51011
vt 0.54455 0.51171
vt 0.53575 0.51402
vt 0.53442 0.51311
vt 0.5372 0.51767
vt 0.5364 0.51764
vt 0.53489 0.51395
vt 0.91092 0.92487
vt 0.91302 0.9227
vt 0.89168 0.92667
vt 0.89172 0.92879
vt 0.89096 0.92154
vt 0.90625 0.92188
vt 0.64253 0.34235
vt 0.64053 0.34342
vt 0.63873 0.3436
vt 0.6407 0.34188
vt 0.884 0.9219
vt 0.89215 0.93324
vt 0.88118 0.92211
vt 0.53569 0.52157
vt 0.53521 0.52139
vt 0.53587 0.52124
vt 0.53588 0.52043
vt 0.53471 0.52111
vt 0.53404 0.51308
vt 0.77409 0.7135
vt 0.76829 0.70823
vt 0.77441 0.70808
vt 0.79056 0.70764
vt 0.79586 0.71267
vt 0.54332 0.52316
vt 0.54398 0.52298
vt 0.77118 0.71521
vt 0.76535 0.70839
vt 0.79767 0.52362
vt 0.79902 0.70703
vt 0.79628 0.70718
vt 0.79478 0.52376
vt 0.78878 0.52388
vt 0.7727 0.52452
vt 0.76662 0.52432
vt 0.76372 0.5241
vt 0.7996 0.7114
vt 0.80585 0.70693
vt 0.60209 0.35111
vt 0.6031 0.34953
vt 0.82016 0.71407
vt 0.81913 0.71716
vt 0.80495 0.5232
vt 0.82165 0.70777
vt 0.82891 0.70811
vt 0.54272 0.50986
vt 0.82138 0.52331
vt 0.82876 0.52343
vt 0.6233 0.35169
vt 0.64257 0.35316
vt 0.63221 0.35766
vt 0.58291 0.35079
vt 0.58502 0.34985
vt 0.58497 0.35101
vt 0.6233 0.35117
vt 0.62299 0.35285
vt 0.62218 0.34915
vt 0.62078 0.34426
vt 0.61363 0.34494
vt 0.56495 0.34485
vt 0.56543 0.34378
vt 0.57359 0.34624
vt 0.57344 0.3469
vt 0.60021 0.35021
vt 0.60005 0.35136
vt 0.96817 0.91493
vt 0.95786 0.91218
vt 0.96017 0.89311
vt 0.96817 0.89232
vt 0.5771 0.40074
vt 0.57463 0.40044
vt 0.56396 0.39572
vt 0.55526 0.39261
vt 0.97593 0.91389
vt 0.97438 0.91433
vt 0.97071 0.8959
vt 0.97153 0.89666
vt 0.94778 0.90297
vt 0.94634 0.90032
vt 0.95088 0.89815
vt 0.95247 0.89918
vt 0.6475 0.34339
vt 0.64846 0.34248
vt 0.67376 0.38617
vt 0.67279 0.38719
vt 0.58031 0.35012
vt 0.5716 0.39956
vt 0.95002 0.90599
vt 0.95506 0.89833
vt 0.94572 0.87841
vt 0.95364 0.88444
vt 0.64202 0.39907
vt 0.62918 0.40017
vt 0.62508 0.35441
vt 0.65225 0.33869
vt 0.67736 0.38194
vt 0.64571 0.34481
vt 0.67091 0.38882
vt 0.66074 0.39647
vt 0.97605 0.86837
vt 0.97869 0.86967
vt 0.97452 0.8836
vt 0.97249 0.88416
vt 0.62374 0.35331
vt 0.62665 0.40024
vt 0.63144 0.34419
vt 0.92667 0.7423
vt 0.92224 0.74295
vt 0.9233 0.73906
vt 0.92057 0.73998
vt 0.92007 0.74296
vt 0.89402 0.73658
vt 0.89673 0.73711
vt 0.93834 0.73876
vt 0.94426 0.7382
vt 0.94416 0.9248
vt 0.93794 0.92491
vt 0.91549 0.73598
vt 0.92312 0.73523
vt 0.91473 0.74223
vt 0.90298 0.7387
vt 0.54147 0.52305
vt 0.77209 0.52058
vt 0.78987 0.51849
vt 0.77072 0.51861
vt 0.63298 0.34348
vt 0.79509 0.51813
vt 0.78861 0.51529
vt 0.53312 0.51315
vt 0.76807 0.51337
vt 0.78589 0.50896
vt 0.61394 0.34427
vt 0.61967 0.52506
vt 0.61082 0.52517
vt 0.61064 0.4824
vt 0.61968 0.4823
vt 0.57856 0.52688
vt 0.58075 0.52666
vt 0.58551 0.59074
vt 0.58379 0.59084
vt 0.55877 0.52926
vt 0.56765 0.52794
vt 0.57818 0.59498
vt 0.56978 0.59734
vt 0.62637 0.52493
vt 0.62503 0.52495
vt 0.62512 0.4825
vt 0.62649 0.48253
vt 0.60014 0.52521
vt 0.59799 0.52528
vt 0.59738 0.48305
vt 0.59972 0.48307
vt 0.67234 0.52629
vt 0.6737 0.5264
vt 0.66746 0.59387
vt 0.66652 0.59334
vt 0.57562 0.52716
vt 0.58165 0.59174
vt 0.60301 0.52516
vt 0.60266 0.48298
vt 0.58015 0.4829
vt 0.64054 0.52497
vt 0.64032 0.59433
vt 0.62865 0.59412
vt 0.62875 0.52492
vt 0.67903 0.52689
vt 0.67029 0.59646
vt 0.66994 0.52609
vt 0.66459 0.59261
vt 0.6547 0.59057
vt 0.65793 0.52542
vt 0.67033 0.48151
vt 0.67272 0.48158
vt 0.62629 0.59409
vt 0.57783 0.48293
vt 0.55795 0.48436
vt 0.56698 0.48395
vt 0.67407 0.48166
vt 0.57491 0.4831
vt 0.64094 0.48236
vt 0.62892 0.48253
vt 0.67939 0.48204
vt 0.65846 0.48141
vt 0.61053 0.44305
vt 0.61968 0.44285
vt 0.62522 0.44262
vt 0.62661 0.44256
vt 0.59721 0.44321
vt 0.59956 0.44309
vt 0.60249 0.44302
vt 0.57995 0.44415
vt 0.67037 0.44252
vt 0.67276 0.44258
vt 0.57764 0.44438
vt 0.55789 0.44604
vt 0.56684 0.44519
vt 0.67411 0.44261
vt 0.57474 0.44462
vt 0.64117 0.44215
vt 0.62907 0.44248
vt 0.67945 0.44267
vt 0.65854 0.44222
vt 0.60999 0.4006
vt 0.61968 0.40079
vt 0.62523 0.40034
vt 0.59569 0.39948
vt 0.59824 0.39936
vt 0.60144 0.39948
vt 0.67257 0.39797
vt 0.67496 0.3982
vt 0.57467 0.40112
vt 0.55453 0.40381
vt 0.56347 0.40233
vt 0.67632 0.3983
vt 0.57162 0.4015
vt 0.68168 0.39859
vt 0.61968 0.59405
vt 0.61095 0.59417
vt 0.62497 0.59408
vt 0.6004 0.59452
vt 0.59826 0.59458
vt 0.60324 0.59443
vt 0.95449 0.88284
vt 0.94737 0.87594
vt 0.96817 0.88782
vt 0.96094 0.88896
vt 0.95771 0.86801
vt 0.96817 0.86648
vt 0.97147 0.88476
vt 0.9745 0.86778
vt 0.95674 0.88311
vt 0.94981 0.87319
vt 0.98236 0.90049
vt 0.98949 0.90219
vt 0.97863 0.91285
vt 0.97337 0.89721
vt 0.98892 0.87996
vt 0.98475 0.88617
vt 0.65225 0.60605
vt 0.5844 0.59852
vt 0.57663 0.60466
vt 0.59861 0.59598
vt 0.59484 0.59853
vt 0.6556 0.60671
vt 0.65742 0.60648
vt 0.66298 0.60396
vt 0.52357 0.51144
vt 0.5282 0.52339
vt 0.52455 0.51136
vt 0.5311 0.52373
vt 0.53131 0.52389
vt 0.5307 0.52373
vt 0.45674 0.53002
vt 0.12606 0.53403
vt 0.45897 0.54286
vt 0.12698 0.55392
vt 0.12657 0.54493
vt 0.45924 0.53431
vt 0.1316 0.43772
vt 0.46039 0.48032
vt 0.12617 0.53697
vt 0.45751 0.53135
vt 0.45614 0.49622
vt 0.45858 0.50204
vt 0.12693 0.4828
vt 0.12777 0.47085
vt 0.13234 0.43239
vt 0.46223 0.47827
vt 0.45616 0.48732
vt 0.12959 0.45326
vt 0.06463 0.34745
vt 0.05626 0.34785
vt 0.05582 0.34719
vt 0.06463 0.34627
vt 0.0525 0.34246
vt 0.06463 0.33953
vt 0.01857 0.3362
vt 0.02709 0.33918
vt 0.01711 0.36436
vt 0.00863 0.36166
vt 0.04929 0.35123
vt 0.05033 0.35075
vt 0.05069 0.3517
vt 0.0462 0.65301
vt 0.04402 0.65314
vt 0.04272 0.62446
vt 0.04502 0.62435
vt 0.06463 0.65239
vt 0.05629 0.65258
vt 0.05574 0.62417
vt 0.06463 0.62408
vt 0.06863 0.35058
vt 0.06775 0.35015
vt 0.06741 0.34822
vt 0.06788 0.349
vt 0.07024 0.33559
vt 0.07137 0.33463
vt 0.10354 0.33864
vt 0.10467 0.33815
vt 0.1137 0.3637
vt 0.11243 0.36408
vt 0.03719 0.34257
vt 0.03945 0.3429
vt 0.02905 0.36812
vt 0.02699 0.36748
vt 0.0708 0.65235
vt 0.06956 0.65234
vt 0.06994 0.62405
vt 0.07127 0.62405
vt 0.04892 0.65287
vt 0.0479 0.62425
vt 0.05256 0.35144
vt 0.05322 0.35012
vt 0.03442 0.34192
vt 0.02437 0.36666
vt 0.04457 0.34024
vt 0.04089 0.34198
vt 0.10514 0.33632
vt 0.11043 0.33537
vt 0.1095 0.33616
vt 0.08981 0.34177
vt 0.07905 0.35051
vt 0.04456 0.37256
vt 0.1003 0.65457
vt 0.10259 0.62608
vt 0.11425 0.6272
vt 0.11168 0.65583
vt 0.07029 0.35093
vt 0.07299 0.65238
vt 0.07364 0.6241
vt 0.08536 0.62453
vt 0.08388 0.65299
vt 0.0728 0.37367
vt 0.0706 0.37371
vt 0.10143 0.3397
vt 0.1033 0.33687
vt 0.11401 0.6561
vt 0.11662 0.62743
vt 0.03355 0.34046
vt 0.038 0.3414
vt 0.01921 0.33522
vt 0.02688 0.33866
vt 0.11879 0.36213
vt 0.23183 0.9185
vt 0.23191 0.92428
vt 0.22926 0.92517
vt 0.22079 0.94627
vt 0.21658 0.94481
vt 0.75514 0.24673
vt 0.83799 0.08285
vt 0.85125 0.09082
vt 0.76952 0.25273
vt 0.22918 0.92856
vt 0.23179 0.92703
vt 0.75387 0.75024
vt 0.57468 0.80103
vt 0.57225 0.79506
vt 0.75219 0.74425
vt 0.56384 0.79049
vt 0.5529 0.78638
vt 0.55583 0.78013
vt 0.5692 0.78521
vt 0.7554 0.25179
vt 0.74947 0.24461
vt 0.57106 0.79222
vt 0.75138 0.74139
vt 0.85646 0.09322
vt 0.77454 0.2555
vt 0.85906 0.09414
vt 0.77682 0.25704
vt 0.36667 0.74213
vt 0.19085 0.79937
vt 0.18586 0.79325
vt 0.36431 0.73514
vt 0.56216 0.79065
vt 0.55226 0.78943
vt 0.77444 0.73728
vt 0.78131 0.73759
vt 0.78107 0.74048
vt 0.7747 0.74024
vt 0.77426 0.25863
vt 0.77185 0.25654
vt 0.22765 0.94874
vt 0.22564 0.9554
vt 0.22284 0.94682
vt 0.57043 0.795
vt 0.56609 0.79808
vt 0.56358 0.79291
vt 0.75969 0.77209
vt 0.58369 0.8228
vt 0.58119 0.81682
vt 0.75811 0.76607
vt 0.86569 0.09601
vt 0.78219 0.26124
vt 0.22476 0.95808
vt 0.55097 0.79746
vt 0.55266 0.80251
vt 0.38352 0.78461
vt 0.38257 0.79253
vt 0.38008 0.78717
vt 0.75547 0.25449
vt 0.74913 0.24999
vt 0.23095 0.93378
vt 0.81653 0.76276
vt 0.64379 0.82531
vt 0.64088 0.81868
vt 0.81495 0.75587
vt 0.55046 0.78756
vt 0.54789 0.78201
vt 0.55021 0.7807
vt 0.37433 0.77287
vt 0.37291 0.76735
vt 0.37566 0.76885
vt 0.64786 0.84733
vt 0.64791 0.85121
vt 0.63608 0.82903
vt 0.63881 0.82801
vt 0.38385 0.79506
vt 0.20575 0.85427
vt 0.20477 0.85147
vt 0.83705 0.07608
vt 0.84983 0.07445
vt 0.84444 0.07851
vt 0.37526 0.76599
vt 0.37247 0.76464
vt 0.83293 0.07955
vt 0.84223 0.08006
vt 0.38578 0.78345
vt 0.20111 0.82913
vt 0.19942 0.82361
vt 0.19852 0.82102
vt 0.20548 0.84469
vt 0.37185 0.7578
vt 0.39001 0.78029
vt 0.65219 0.8465
vt 0.65301 0.84912
vt 0.85575 0.09046
vt 0.85887 0.09117
vt 0.1962 0.81461
vt 0.822 0.76305
vt 0.01884 0.88809
vt 0.0189 0.89387
vt 0.01626 0.89476
vt 0.79514 0.01332
vt 0.72183 0.18287
vt 0.70682 0.17642
vt 0.78003 0.00699
vt 0.01619 0.89816
vt 0.01878 0.89663
vt 0.64993 0.84001
vt 0.43037 0.95292
vt 0.43268 0.94077
vt 0.43666 0.95231
vt 0.43417 0.95803
vt 0.43615 0.96405
vt 0.61815 0.95884
vt 0.61835 0.97546
vt 0.43229 0.97556
vt 0.00984 0.91642
vt 0.00779 0.91587
vt 0.43717 0.95756
vt 0.61616 0.95053
vt 0.6167 0.95324
vt 0.43703 0.95969
vt 0.77134 0.7506
vt 0.77021 0.75554
vt 0.7564 0.74559
vt 0.01796 0.90339
vt 0.01464 0.91834
vt 0.01264 0.92501
vt 0.00358 0.91439
vt 0.61498 0.92847
vt 0.61535 0.94377
vt 0.01176 0.92769
vt 0.43061 0.93466
vt 0.4289 0.95986
vt 0.43005 0.93191
vt 0.43294 0.9607
vt 0.75835 0.19779
vt 0.76089 0.1991
vt 0.75452 0.2035
vt 0.75314 0.20082
vt 0.61825 0.98167
vt 0.4317 0.98147
vt 0.61534 0.92151
vt 0.75799 0.73981
vt 0.75856 0.74272
vt 0.61556 0.9187
vt 0.54547 0.89938
vt 0.54512 0.89343
vt 0.55023 0.89486
vt 0.8057 0.01202
vt 0.80338 0.0171
vt 0.80068 0.01595
vt 0.80191 0.01082
vt 0.55087 0.91545
vt 0.54583 0.9156
vt 0.55042 0.88738
vt 0.54494 0.89058
vt 0.8239 0.02746
vt 0.75195 0.19476
vt 0.73702 0.18883
vt 0.81024 0.0197
vt 0.35819 0.87691
vt 0.35756 0.87418
vt 0.54305 0.85713
vt 0.54314 0.86005
vt 0.54593 0.92178
vt 0.36042 0.92361
vt 0.36091 0.91767
vt 0.83555 0.81236
vt 0.66172 0.87576
vt 0.65975 0.86992
vt 0.83348 0.80652
vt 0.36437 0.90582
vt 0.36523 0.90141
vt 0.36539 0.89928
vt 0.65457 0.85461
vt 0.82793 0.7911
vt 0.6544 0.87131
vt 0.82481 0.78623
vt 0.54349 0.86729
vt 0.54924 0.86624
vt 0.8303 0.03011
vt 0.83297 0.03097
vt 0.82348 0.78381
vt 0.83864 0.03243
vt 0.76619 0.20189
vt 0.55176 0.86509
vt 0.55342 0.88674
vt 0.36041 0.88291
vt 0.82974 0.02681
vt 0.81914 0.01574
vt 0.82298 0.01439
vt 0.83279 0.02819
vt 0.82009 0.75601
vt 0.8249 0.76333
vt 0.54457 0.88349
vt 0.36483 0.89407
vt 0.61906 0.95174
vt 0.61832 0.94843
vt 0.62011 0.92918
vt 0.62223 0.92923
vt 0.73288 0.19619
vt 0.7344 0.19389
vt 0.82822 0.01291
vt 0.74931 0.7343
vt 0.5674 0.76959
vt 0.74454 0.71867
vt 0.72019 0.18764
vt 0.70498 0.1813
vt 0.62668 0.92965
vt 0.75515 0.73731
vt 0.73025 0.18637
vt 0.72746 0.18546
vt 0.80346 0.27179
vt 0.88679 0.10686
vt 0.88942 0.10823
vt 0.80612 0.2731
vt 0.3589 0.20903
vt 0.35996 0.20793
vt 0.36167 0.21607
vt 0.36085 0.21606
vt 0.36424 0.20044
vt 0.36698 0.21738
vt 0.38314 0.25064
vt 0.35973 0.26687
vt 0.35508 0.25928
vt 0.37819 0.24313
vt 0.35908 0.22236
vt 0.35994 0.22235
vt 0.35977 0.22349
vt 0.0168 0.28788
vt 0.04451 0.28426
vt 0.04486 0.28651
vt 0.01709 0.29005
vt 0.01428 0.26944
vt 0.04174 0.26492
vt 0.04314 0.27367
vt 0.01548 0.27776
vt 0.3553 0.20812
vt 0.357 0.20778
vt 0.35759 0.20774
vt 0.35608 0.20844
vt 0.3608 0.19529
vt 0.3614 0.19632
vt 0.35943 0.19354
vt 0.34061 0.17373
vt 0.34146 0.17271
vt 0.36041 0.19401
vt 0.37231 0.23213
vt 0.34995 0.25035
vt 0.34872 0.24864
vt 0.37059 0.23045
vt 0.01327 0.26325
vt 0.04053 0.25843
vt 0.04078 0.25974
vt 0.01348 0.2645
vt 0.04412 0.28142
vt 0.01645 0.28515
vt 0.35983 0.21941
vt 0.35887 0.2204
vt 0.35139 0.25263
vt 0.37367 0.23483
vt 0.3722 0.22544
vt 0.37115 0.22913
vt 0.36494 0.19828
vt 0.34851 0.20325
vt 0.34954 0.19404
vt 0.34005 0.2356
vt 0.00725 0.23409
vt 0.00439 0.22309
vt 0.0321 0.21627
vt 0.03484 0.22771
vt 0.35403 0.20736
vt 0.0129 0.26105
vt 0.01076 0.25018
vt 0.038 0.24466
vt 0.04011 0.25612
vt 0.33147 0.21294
vt 0.33079 0.21107
vt 0.35766 0.19294
vt 0.00378 0.22084
vt 0.03147 0.21397
vt 0.3743 0.22702
vt 0.36759 0.21766
vt 0.34502 0.16865
vt 0.41211 0.96092
vt 0.4079 0.96094
vt 0.40981 0.95691
vt 0.41631 0.94668
vt 0.41585 0.96272
vt 0.41028 0.96324
vt 0.40726 0.96298
vt 0.82071 0.77758
vt 0.40816 0.98677
vt 0.40805 0.98958
vt 0.2356 0.90231
vt 0.23719 0.89631
vt 0.41829 0.94106
vt 0.54683 0.80205
vt 0.75842 0.72018
vt 0.76387 0.72385
vt 0.8251 0.78107
vt 0.82639 0.78393
vt 0.74233 0.71164
vt 0.56609 0.7625
vt 0.56546 0.75963
vt 0.74142 0.70882
vt 0.41275 0.96911
vt 0.40761 0.98035
vt 0.77648 0.75445
vt 0.75539 0.26124
vt 0.79684 0.26853
vt 0.88024 0.10346
vt 0.63753 0.81927
vt 0.4065 0.96821
vt 0.1957 0.82554
vt 0.18455 0.80145
vt 0.19299 0.82259
vt 0.19766 0.84624
vt 0.2006 0.84554
vt 0.20154 0.85234
vt 0.19912 0.93053
vt 0.19491 0.93054
vt 0.19681 0.92651
vt 0.19728 0.93284
vt 0.19426 0.93258
vt 0.19516 0.95637
vt 0.19505 0.95918
vt 0.20331 0.91627
vt 0.0226 0.8719
vt 0.0242 0.86589
vt 0.20528 0.91066
vt 0.19976 0.93871
vt 0.20285 0.93232
vt 0.19462 0.94996
vt 0.19351 0.93781
vt 0.36117 0.90256
vt 0.35712 0.90207
vt 0.36239 0.89985
vt 0.82925 0.76324
vt 0.35842 0.89509
vt 0.76538 0.71745
vt 0.83653 0.81516
vt 0.66277 0.87854
vt 0.00322 0.61842
vt 0.01219 0.61773
vt 0.01266 0.62696
vt 0.00373 0.62793
vt 0.04481 0.6165
vt 0.04249 0.6165
vt 0.04229 0.59273
vt 0.04462 0.59261
vt 0.06463 0.61596
vt 0.05566 0.61597
vt 0.05554 0.59272
vt 0.06463 0.59266
vt 0.11714 0.61769
vt 0.11848 0.61783
vt 0.11795 0.62757
vt 0.023 0.61664
vt 0.02531 0.61658
vt 0.02572 0.62593
vt 0.02342 0.62613
vt 0.07134 0.61626
vt 0.06999 0.6162
vt 0.07005 0.59251
vt 0.07141 0.59247
vt 0.04773 0.61642
vt 0.04755 0.59255
vt 0.02009 0.61684
vt 0.02053 0.62637
vt 0.103 0.6167
vt 0.1033 0.59412
vt 0.11524 0.59476
vt 0.11477 0.61747
vt 0.07373 0.61634
vt 0.07381 0.59249
vt 0.08572 0.59281
vt 0.08558 0.61657
vt 0.11764 0.59487
vt 0.1238 0.61845
vt 0.12327 0.62814
vt 0.06906 0.32299
vt 0.04869 0.32553
vt 0.04819 0.31656
vt 0.06825 0.314
vt 0.06504 0.2813
vt 0.07934 0.27916
vt 0.07975 0.28148
vt 0.06528 0.28361
vt 0.06185 0.26163
vt 0.07653 0.25927
vt 0.078 0.26824
vt 0.06323 0.27057
vt 0.05097 0.20999
vt 0.03111 0.21267
vt 0.0507 0.20868
vt 0.06686 0.30317
vt 0.04744 0.30573
vt 0.04718 0.30341
vt 0.06667 0.30082
vt 0.06093 0.25497
vt 0.07518 0.2526
vt 0.07545 0.25394
vt 0.06114 0.2563
vt 0.07892 0.27623
vt 0.06464 0.2784
vt 0.0477 0.30863
vt 0.06718 0.3061
vt 0.05416 0.22392
vt 0.0515 0.21233
vt 0.06775 0.2094
vt 0.07004 0.22102
vt 0.06053 0.25261
vt 0.05833 0.24097
vt 0.07273 0.2384
vt 0.07475 0.25022
vt 0.06723 0.20708
vt 0.02956 0.20754
vt 0.04964 0.20341
vt 0.00255 0.58435
vt 0.01156 0.58403
vt 0.01167 0.59446
vt 0.00266 0.59497
vt 0.11771 0.58394
vt 0.11906 0.58402
vt 0.119 0.59491
vt 0.02247 0.58341
vt 0.02481 0.58338
vt 0.02498 0.59405
vt 0.02262 0.59423
vt 0.01954 0.58351
vt 0.01967 0.59436
vt 0.04216 0.58342
vt 0.07143 0.58331
vt 0.07385 0.58336
vt 0.12441 0.58435
vt 0.12437 0.595
vt 0.10557 0.31747
vt 0.08507 0.32068
vt 0.08398 0.31172
vt 0.10442 0.30853
vt 0.08726 0.20373
vt 0.06693 0.20576
vt 0.08704 0.2024
vt 0.10273 0.29772
vt 0.08299 0.30087
vt 0.08263 0.29856
vt 0.10248 0.29538
vt 0.08334 0.30378
vt 0.10313 0.30064
vt 0.10056 0.27811
vt 0.09604 0.2492
vt 0.09566 0.24682
vt 0.06564 0.20056
vt 0.0862 0.19711
vt 0.04453 0.58344
vt 0.04214 0.55931
vt 0.0445 0.5592
vt 0.06463 0.58309
vt 0.05553 0.5831
vt 0.05549 0.55939
vt 0.06463 0.55934
vt 0.07006 0.58327
vt 0.07007 0.55917
vt 0.07144 0.55915
vt 0.04749 0.58339
vt 0.04745 0.55917
vt 0.10347 0.58346
vt 0.10347 0.56045
vt 0.1154 0.56083
vt 0.11533 0.58383
vt 0.07386 0.55913
vt 0.08583 0.55936
vt 0.08584 0.58349
vt 0.11781 0.56085
vt 0.10027 0.27578
vt 0.11648 0.27319
vt 0.11691 0.2755
vt 0.09696 0.25594
vt 0.11355 0.25329
vt 0.11503 0.26228
vt 0.09838 0.26495
vt 0.11225 0.24661
vt 0.1125 0.24795
vt 0.09623 0.25056
vt 0.11603 0.27026
vt 0.09983 0.27286
vt 0.08995 0.2178
vt 0.0877 0.20609
vt 0.10563 0.20325
vt 0.10762 0.21494
vt 0.09356 0.23506
vt 0.10994 0.23239
vt 0.11182 0.24423
vt 0.1052 0.2009
vt 0.00243 0.55253
vt 0.01145 0.5524
vt 0.01145 0.56052
vt 0.00243 0.56075
vt 0.1178 0.55225
vt 0.11914 0.55229
vt 0.11915 0.56085
vt 0.02235 0.55199
vt 0.0247 0.552
vt 0.02477 0.56041
vt 0.02241 0.56053
vt 0.01942 0.55204
vt 0.01946 0.5606
vt 0.04207 0.5523
vt 0.07145 0.55228
vt 0.07388 0.55231
vt 0.12449 0.55253
vt 0.12452 0.56081
vt 0.14202 0.31155
vt 0.12312 0.31464
vt 0.12182 0.30571
vt 0.14073 0.30263
vt 0.12371 0.19798
vt 0.10493 0.19959
vt 0.12351 0.19665
vt 0.13888 0.29185
vt 0.12054 0.29488
vt 0.12012 0.29257
vt 0.13859 0.28951
vt 0.12096 0.29778
vt 0.13932 0.29476
vt 0.13646 0.27229
vt 0.1319 0.24348
vt 0.13153 0.2411
vt 0.10381 0.19434
vt 0.12277 0.19134
vt 0.04444 0.55234
vt 0.04207 0.52973
vt 0.04444 0.52962
vt 0.06463 0.55208
vt 0.05549 0.55205
vt 0.05549 0.52999
vt 0.06463 0.52995
vt 0.07007 0.55226
vt 0.07006 0.5297
vt 0.07144 0.52966
vt 0.04742 0.55231
vt 0.04742 0.52962
vt 0.10355 0.55204
vt 0.10351 0.53078
vt 0.11538 0.53097
vt 0.11541 0.55219
vt 0.07387 0.52963
vt 0.08591 0.52977
vt 0.08591 0.55236
vt 0.11776 0.53097
vt 0.13615 0.26997
vt 0.15097 0.26762
vt 0.15144 0.26992
vt 0.1328 0.25019
vt 0.14813 0.24776
vt 0.14961 0.25674
vt 0.13422 0.25918
vt 0.14677 0.24111
vt 0.14702 0.24246
vt 0.13209 0.24484
vt 0.15052 0.2647
vt 0.1357 0.26706
vt 0.12615 0.21208
vt 0.1241 0.20035
vt 0.14059 0.19775
vt 0.14246 0.20948
vt 0.12952 0.22935
vt 0.14452 0.22694
vt 0.14636 0.23873
vt 0.14016 0.19539
vt 0.01517 0.65559
vt 0.00635 0.65671
vt 0.11532 0.65626
vt 0.02783 0.65417
vt 0.0256 0.65441
vt 0.02281 0.6547
vt 0.12061 0.65691
vt 0.02025 0.32764
vt 0.01997 0.31879
vt 0.00342 0.21957
vt 0.01943 0.30839
vt 0.01926 0.30618
vt 0.01962 0.31115
vt 0.00195 0.21447
vt 0.00242 0.53072
vt 0.01144 0.53058
vt 0.1191 0.53093
vt 0.02234 0.53086
vt 0.02468 0.53074
vt 0.01941 0.53088
vt 0.12444 0.53073
vt 0.15805 0.30896
vt 0.15664 0.30006
vt 0.13991 0.19407
vt 0.15535 0.28922
vt 0.1549 0.2869
vt 0.15579 0.29212
vt 0.13877 0.18882
vt 0.04215 0.52022
vt 0.0445 0.52026
vt 0.05549 0.52012
vt 0.06463 0.52016
vt 0.07007 0.52026
vt 0.07143 0.52029
vt 0.04745 0.52026
vt 0.10343 0.51982
vt 0.11535 0.5198
vt 0.07385 0.52029
vt 0.0858 0.52025
vt 0.11776 0.51982
vt 0.17396 0.264
vt 0.17429 0.26632
vt 0.17063 0.24418
vt 0.17205 0.25318
vt 0.16969 0.23745
vt 0.16988 0.23881
vt 0.1735 0.26108
vt 0.16218 0.19425
vt 0.16414 0.20595
vt 0.16735 0.22326
vt 0.16931 0.23506
vt 0.1618 0.19188
vt 0.00242 0.51999
vt 0.01143 0.51995
vt 0.11911 0.51985
vt 0.02239 0.51975
vt 0.02476 0.51979
vt 0.01944 0.51976
vt 0.12447 0.51997
vt 0.18016 0.30547
vt 0.1788 0.29657
vt 0.16161 0.19055
vt 0.17693 0.28583
vt 0.17661 0.2835
vt 0.17739 0.28873
vt 0.16088 0.18524
vt 0.04209 0.49588
vt 0.04444 0.49581
vt 0.05548 0.49611
vt 0.06463 0.49608
vt 0.07008 0.4959
vt 0.07145 0.49586
vt 0.04741 0.49582
vt 0.10349 0.49657
vt 0.1154 0.49664
vt 0.07387 0.49585
vt 0.08586 0.49589
vt 0.1178 0.49662
vt 0.19144 0.26126
vt 0.19189 0.26357
vt 0.18841 0.24135
vt 0.18991 0.25035
vt 0.18711 0.23466
vt 0.18736 0.236
vt 0.19095 0.25834
vt 0.18107 0.19117
vt 0.18284 0.20291
vt 0.18492 0.22041
vt 0.18672 0.23227
vt 0.18068 0.18881
vt 0.00235 0.49632
vt 0.01137 0.49631
vt 0.11915 0.49659
vt 0.02232 0.4966
vt 0.02468 0.49652
vt 0.01937 0.49659
vt 0.12451 0.49642
vt 0.19876 0.30259
vt 0.1973 0.2937
vt 0.18044 0.18749
vt 0.19582 0.2829
vt 0.19535 0.28059
vt 0.19629 0.28579
vt 0.17944 0.18223
vt 0.04202 0.48761
vt 0.0444 0.48767
vt 0.05546 0.48751
vt 0.06463 0.48757
vt 0.07009 0.48771
vt 0.07146 0.48775
vt 0.04737 0.48769
vt 0.1036 0.48693
vt 0.11546 0.4868
vt 0.07389 0.48776
vt 0.08593 0.48763
vt 0.11786 0.48681
vt 0.21231 0.25798
vt 0.21264 0.26031
vt 0.20878 0.23809
vt 0.21026 0.24714
vt 0.20787 0.23133
vt 0.20806 0.23269
vt 0.21181 0.25506
vt 0.20063 0.18794
vt 0.20246 0.19971
vt 0.2056 0.21708
vt 0.20749 0.22893
vt 0.20027 0.18556
vt 0.0021 0.46451
vt 0.01112 0.4646
vt 0.01131 0.48697
vt 0.00229 0.48691
vt 0.11803 0.46493
vt 0.11939 0.46487
vt 0.1192 0.48683
vt 0.02211 0.46507
vt 0.02448 0.46504
vt 0.02459 0.4869
vt 0.02223 0.48682
vt 0.01915 0.46502
vt 0.0193 0.4868
vt 0.04194 0.46466
vt 0.0715 0.46477
vt 0.07394 0.46474
vt 0.12475 0.46464
vt 0.12456 0.48696
vt 0.23603 0.29695
vt 0.21889 0.29951
vt 0.21746 0.29061
vt 0.23448 0.28807
vt 0.21758 0.18265
vt 0.20011 0.18422
vt 0.21735 0.18132
vt 0.23283 0.27728
vt 0.21542 0.27987
vt 0.21508 0.27753
vt 0.23234 0.27498
vt 0.21591 0.28277
vt 0.23335 0.28017
vt 0.22859 0.2579
vt 0.22357 0.22879
vt 0.22317 0.22638
vt 0.19944 0.17889
vt 0.21638 0.17606
vt 0.04432 0.46464
vt 0.04184 0.45452
vt 0.04423 0.45463
vt 0.06463 0.46499
vt 0.05541 0.46501
vt 0.05538 0.45461
vt 0.06463 0.45469
vt 0.07012 0.46482
vt 0.07014 0.45482
vt 0.07153 0.45483
vt 0.04729 0.46468
vt 0.04724 0.45469
vt 0.10369 0.46509
vt 0.10384 0.45355
vt 0.11572 0.45316
vt 0.11563 0.46497
vt 0.07398 0.45482
vt 0.08611 0.45456
vt 0.08599 0.4647
vt 0.11812 0.45312
vt 0.22809 0.25557
vt 0.25069 0.25204
vt 0.25109 0.25437
vt 0.22487 0.23554
vt 0.24687 0.232
vt 0.24843 0.24113
vt 0.22644 0.2446
vt 0.24592 0.22517
vt 0.2461 0.22654
vt 0.2238 0.23015
vt 0.25013 0.24911
vt 0.22757 0.25263
vt 0.21955 0.1968
vt 0.21792 0.18502
vt 0.23953 0.18131
vt 0.24108 0.19317
vt 0.22144 0.21441
vt 0.24377 0.21075
vt 0.24555 0.22275
vt 0.23922 0.17892
vt 0.00201 0.45302
vt 0.01103 0.45327
vt 0.11947 0.45311
vt 0.02196 0.4534
vt 0.02433 0.45352
vt 0.01902 0.45331
vt 0.12482 0.45313
vt 0.25847 0.29356
vt 0.25685 0.28469
vt 0.23908 0.17757
vt 0.25451 0.27394
vt 0.2541 0.2716
vt 0.2551 0.27684
vt 0.23852 0.17224
vt 0.04178 0.43482
vt 0.04417 0.43483
vt 0.05536 0.43549
vt 0.06463 0.43553
vt 0.07016 0.43527
vt 0.07156 0.43522
vt 0.04719 0.43494
vt 0.10389 0.43469
vt 0.11577 0.43415
vt 0.07402 0.43517
vt 0.08619 0.43484
vt 0.11816 0.43402
vt 0.26408 0.24997
vt 0.26465 0.25229
vt 0.26048 0.22984
vt 0.26219 0.23898
vt 0.2591 0.22301
vt 0.25935 0.22439
vt 0.26348 0.24703
vt 0.25466 0.17872
vt 0.25585 0.19062
vt 0.25714 0.20846
vt 0.25871 0.22057
vt 0.25437 0.17633
vt 0.00195 0.43333
vt 0.01096 0.43369
vt 0.11951 0.43392
vt 0.0219 0.43463
vt 0.02425 0.43468
vt 0.01895 0.43447
vt 0.12486 0.43346
vt 0.27362 0.29121
vt 0.27173 0.28239
vt 0.25418 0.175
vt 0.26972 0.27164
vt 0.26912 0.26935
vt 0.27035 0.27453
vt 0.25331 0.16969
vt 0.04191 0.42157
vt 0.04428 0.42174
vt 0.05538 0.42209
vt 0.06463 0.42224
vt 0.07015 0.42229
vt 0.07155 0.42226
vt 0.04725 0.4219
vt 0.10371 0.41981
vt 0.1156 0.41876
vt 0.07399 0.42221
vt 0.08606 0.4216
vt 0.118 0.41859
vt 0.2895 0.24588
vt 0.29004 0.24821
vt 0.28488 0.22592
vt 0.28674 0.23503
vt 0.28383 0.21903
vt 0.28404 0.22042
vt 0.28877 0.24297
vt 0.28011 0.17456
vt 0.28067 0.1865
vt 0.28206 0.20437
vt 0.28349 0.21657
vt 0.27999 0.17216
vt 0.00213 0.41803
vt 0.0111 0.41876
vt 0.11935 0.4185
vt 0.02204 0.41959
vt 0.02442 0.41984
vt 0.01909 0.41933
vt 0.12472 0.41822
vt 0.30031 0.28659
vt 0.2981 0.27787
vt 0.27993 0.1708
vt 0.295 0.26736
vt 0.2944 0.26509
vt 0.2958 0.27019
vt 0.27967 0.16543
vt 0.04217 0.40089
vt 0.04455 0.40102
vt 0.05557 0.40215
vt 0.06463 0.40228
vt 0.07004 0.40195
vt 0.07141 0.40187
vt 0.04754 0.40128
vt 0.1032 0.39939
vt 0.11483 0.39785
vt 0.07385 0.40173
vt 0.08587 0.40087
vt 0.11717 0.39748
vt 0.30324 0.24334
vt 0.30402 0.24558
vt 0.29851 0.22375
vt 0.30062 0.23269
vt 0.29702 0.21704
vt 0.29727 0.21841
vt 0.30241 0.24051
vt 0.29688 0.17251
vt 0.29624 0.18449
vt 0.29554 0.20245
vt 0.29664 0.21462
vt 0.29693 0.17009
vt 0.00308 0.39604
vt 0.01201 0.39723
vt 0.11849 0.39727
vt 0.02269 0.39925
vt 0.02499 0.3995
vt 0.01982 0.39882
vt 0.12376 0.39635
vt 0.31723 0.28287
vt 0.31437 0.27437
vt 0.29691 0.16874
vt 0.31116 0.26401
vt 0.31029 0.26182
vt 0.31213 0.26678
vt 0.29673 0.16336
vt 0.04269 0.39404
vt 0.04497 0.39433
vt 0.05574 0.39501
vt 0.06463 0.39526
vt 0.06997 0.3953
vt 0.07132 0.39527
vt 0.04785 0.39463
vt 0.10235 0.3905
vt 0.11395 0.38833
vt 0.07371 0.39517
vt 0.08548 0.39402
vt 0.11631 0.38792
vt 0.32307 0.23901
vt 0.32385 0.24113
vt 0.31714 0.22085
vt 0.31948 0.22913
vt 0.31582 0.21453
vt 0.31606 0.21582
vt 0.32208 0.23635
vt 0.31832 0.1717
vt 0.31561 0.18308
vt 0.31433 0.20048
vt 0.31544 0.21224
vt 0.31889 0.16937
vt 0.00405 0.38655
vt 0.01281 0.3883
vt 0.11765 0.3877
vt 0.02343 0.39025
vt 0.02569 0.39074
vt 0.02058 0.38968
vt 0.12294 0.38683
vt 0.33947 0.27616
vt 0.33585 0.26801
vt 0.31922 0.16806
vt 0.33117 0.25847
vt 0.33026 0.25642
vt 0.33238 0.26103
vt 0.32053 0.1628
vt 0.04671 0.37292
vt 0.05673 0.37358
vt 0.06463 0.37353
vt 0.06935 0.37371
vt 0.04942 0.37325
vt 0.0991 0.36767
vt 0.11018 0.36475
vt 0.08388 0.37223
vt 0.33907 0.23377
vt 0.33359 0.21792
vt 0.33584 0.22486
vt 0.33189 0.21398
vt 0.33801 0.2314
vt 0.33911 0.17556
vt 0.3329 0.18468
vt 0.329 0.20057
vt 0.92719 0.9466
vt 0.92795 0.95597
vt 0.92448 0.95361
vt 0.92448 0.94936
vt 0.92448 0.95433
vt 0.91761 0.95213
vt 0.91753 0.95172
vt 0.92722 0.94493
vt 0.92448 0.94873
vt 0.91171 0.95603
vt 0.91085 0.95799
vt 0.91079 0.95603
vt 0.91423 0.95597
vt 0.9132 0.95798
vt 0.93219 0.97307
vt 0.92917 0.95793
vt 0.93124 0.9582
vt 0.93475 0.9718
vt 0.92868 0.9567
vt 0.94161 0.95588
vt 0.9452 0.9402
vt 0.94468 0.96175
vt 0.93945 0.94137
vt 0.92807 0.94416
vt 0.93213 0.92875
vt 0.93476 0.92978
vt 0.92998 0.94379
vt 0.92771 0.94581
vt 0.9306 0.9283
vt 0.92448 0.92764
vt 0.91116 0.94379
vt 0.90773 0.94311
vt 0.90651 0.96822
vt 0.90418 0.96552
vt 0.9063 0.94275
vt 0.9026 0.96311
vt 0.90318 0.94184
vt 0.91075 0.94262
vt 0.90813 0.94183
vt 0.90673 0.93633
vt 0.90457 0.93927
vt 0.54446 0.83581
vt 0.54258 0.83827
vt 0.54167 0.83259
vt 0.54524 0.83869
vt 0.54325 0.84094
vt 0.54851 0.82038
vt 0.54572 0.81912
vt 0.55399 0.82261
vt 0.54544 0.84747
vt 0.54632 0.81247
vt 0.54116 0.81706
vt 0.54116 0.81103
vt 0.84689 0.31966
vt 0.84524 0.32501
vt 0.83978 0.32311
vt 0.82273 0.31864
vt 0.82416 0.31377
vt 0.85004 0.32219
vt 0.84787 0.32592
vt 0.79236 0.49819
vt 0.7792 0.49871
vt 0.79675 0.49854
vt 0.7988 0.499
vt 0.87316 0.32646
vt 0.87426 0.32417
vt 0.8545 0.32789
vt 0.87146 0.33245
vt 0.8143 0.50794
vt 0.80364 0.50094
vt 0.94806 0.63321
vt 0.97128 0.80814
vt 0.9637 0.81408
vt 0.93608 0.63186
vt 0.95348 0.6334
vt 0.9525 0.6293
vt 0.95532 0.63055
vt 0.95567 0.63332
vt 0.97505 0.80674
vt 0.96014 0.63251
vt 0.9604 0.62731
vt 0.97178 0.62811
vt 0.95332 0.62637
vt 0.98815 0.81169
vt 0.97998 0.80737
vt 0.97984 0.62592
vt 0.9949 0.81317
vt 0.99193 0.8134
vt 0.97709 0.62646
vt 0.97665 0.80661
vt 0.92813 0.95736
vt 0.93069 0.97363
vt 0.92448 0.97488
vt 0.36057 0.85551
vt 0.36134 0.8615
vt 0.35552 0.85806
vt 0.35563 0.86303
vt 0.36164 0.86439
vt 0.54078 0.80807
vt 0.35839 0.83375
vt 0.35815 0.83102
vt 0.35874 0.83948
vt 0.35383 0.83131
vt 0.35311 0.83526
vt 0.34488 0.81483
vt 0.34772 0.81325
vt 0.35411 0.80861
vt 0.35724 0.82422
vt 0.53982 0.80074
vt 0.53755 0.78449
vt 0.36224 0.87166
vt 0.79463 0.50207
vt 0.79338 0.50589
vt 0.79747 0.50179
vt 0.80094 0.50733
vt 0.02978 0.95957
vt 0.02167 0.96064
vt 0.02176 0.96023
vt 0.02978 0.95894
vt 0.02282 0.95658
vt 0.02978 0.95469
vt 0.02978 0.95397
vt 0.0229 0.95617
vt 0.01949 0.93497
vt 0.02978 0.93342
vt 0.0116 0.96555
vt 0.01303 0.96519
vt 0.01343 0.96647
vt 0.00986 0.96903
vt 0.00847 0.96645
vt 0.02978 0.98066
vt 0.01964 0.978
vt 0.03337 0.96414
vt 0.03251 0.96337
vt 0.03249 0.9617
vt 0.03301 0.96249
vt 0.03325 0.95233
vt 0.03398 0.9516
vt 0.03447 0.95037
vt 0.03342 0.95094
vt 0.03598 0.93467
vt 0.03748 0.93523
vt 0.01615 0.95031
vt 0.01608 0.95227
vt 0.0079 0.94519
vt 0.00947 0.94277
vt 0.03742 0.97955
vt 0.03589 0.98
vt 0.01202 0.97196
vt 0.01604 0.96568
vt 0.01645 0.96451
vt 0.01849 0.95032
vt 0.0118 0.94008
vt 0.01952 0.95233
vt 0.017 0.95227
vt 0.0469 0.95242
vt 0.04474 0.96693
vt 0.04998 0.94655
vt 0.03653 0.9501
vt 0.04005 0.93649
vt 0.03528 0.96451
vt 0.04006 0.97851
vt 0.05049 0.9681
vt 0.9796 0.81408
vt 0.97369 0.81457
vt 0.95991 0.81709
vt 0.97464 0.81067
vt 0.97666 0.80965
vt 0.81673 0.31713
vt 0.81994 0.51097
vt 0.88121 0.33505
vt 0.87837 0.33434
vt 0.82239 0.51227
vt 0.77331 0.49785
vt 0.92928 0.6323
vt 0.91647 0.94806
vt 0.91638 0.94766
vt 0.91419 0.97333
vt 0.91435 0.9303
g Group22543
f 54/1 44/2 13/3 31/4
f 3/5 1/6 37/7 39/8
f 29/9 11/10 43/11 53/12
f 195/13 191/14 59/15 65/16
f 40/17 38/18 2/19 5/20
f 63/21 57/22 190/23 194/24
f 11/10 7/25 41/26 43/11
f 44/2 42/27 9/28 13/3
f 7/25 3/5 39/8 41/26
f 37/7 1/6 2/19 38/18
f 42/27 40/17 5/20 9/28
f 136/29 259/30 201/31 70/32
f 57/22 29/9 53/12 190/23
f 69/33 200/34 258/35 135/36
f 194/24 200/34 69/33 63/21
f 135/36 258/35 259/30 136/29
f 65/16 70/32 201/31 195/13
f 191/14 54/37 31/4 59/15
g Group22558
f 179/38 196/39 186/40
g Group22573
f 23/41 22/42 21/43 24/44
g Group22558
f 186/40 187/45 180/46 179/38
g Group22588
f 61/47 99/48 100/49 62/50
g Group22558
f 240/51 186/40 196/39 246/52
g Group22603
f 68/53 102/54 111/55 77/56
f 157/57 155/58 163/59 164/60
g Group22588
f 72/61 71/62 61/63
g Group22603
f 158/64 131/65 77/56 111/55
g Group22588
f 62/50 100/49 107/66 73/67
f 153/68 127/69 73/70 107/71
g Group22618
f 242/72 267/73 260/74 235/75
g Group22603
f 157/76 112/77 109/78 155/79
f 129/80 130/81 76/82 75/83
g Group22588
f 127/69 128/84 74/85 73/70
g Group22558
f 244/86 239/87 241/88
g Group22603
f 111/55 102/54 112/77
f 76/82 110/89 101/90 67/91
g Group22588
f 127/69 153/68 161/92 134/93
g Group22558
f 185/94 180/46 187/45
g Group22603
f 109/78 112/77 102/54 101/95
g Group22558
f 241/88 187/45 186/40 240/51
g Group22618
f 182/96 181/97 177/98
g Group22588
f 128/84 125/99 72/61 74/85
g Group22558
f 239/87 185/94 187/45 241/88
g Group22588
f 125/99 126/100 71/62 72/61
g Group22558
f 246/52 245/101 240/51
g Group22603
f 164/60 158/64 157/57
g Group22558
f 241/88 240/51 245/101 244/86
g Group22633
f 149/102 175/103 169/104 143/105
g Group22588
f 74/85 62/106 73/70
g Group22603
f 155/58 109/107 110/89 156/108
g Group22618
f 178/109 184/110 183/111
g Group22633
f 171/112 123/113 121/114 170/115
g Group22618
f 235/75 260/74 210/116 181/97
g Group22588
f 152/117 160/118 151/119
g Group22618
f 236/120 183/111 184/110 237/121
g Group22588
f 99/48 106/122 105/123
g Group22618
f 238/124 182/96 183/111 236/120
g Group22573
f 33/125 26/126 25/127 34/128
g Group22618
f 184/110 178/109 206/129 211/130
f 237/131 184/132 211/133 261/134
f 178/109 177/98 207/135 206/129
f 238/124 236/120 243/136 242/72
f 181/97 210/116 207/135 177/98
f 183/111 182/96 177/98 178/109
g Group22633
f 172/137 124/138 123/113 171/112
g Group22588
f 153/68 107/71 108/139 154/140
g Group22618
f 242/72 243/141 268/142 267/73
f 237/121 243/136 236/120
g Group22588
f 105/123 108/139 100/49 99/48
g Group22573
f 26/126 19/143 18/144 25/127
g Group22633
f 144/145 149/102 143/105
g Group22588
f 154/140 108/139 105/123 151/119
g Group22618
f 243/141 237/131 261/134 268/142
g Group22648
f 79/146 113/147 114/148 80/149
g Group22543
f 58/150 60/151 32/152 30/153
f 32/152 31/4 13/3 14/154
g Group22633
f 176/155 172/137 171/112
g Group22663
f 273/156 281/157 280/158 274/159
f 219/160 189/161 188/162 220/163
g Group22543
f 57/22 58/150 30/153 29/9
g Group22663
f 275/164 250/165 202/166 231/167
f 231/167 202/166 189/161 219/160
g Group22603
f 75/83 67/168 68/53 78/169
g Group22573
f 97/170 96/171 95/172 98/173
g Group22663
f 274/159 280/158 275/164
f 281/157 255/174 254/175 280/158
f 271/176 273/156 228/177 226/178
g Group22543
f 6/179 5/20 2/19
g Group22663
f 273/180 274/159 229/181 228/177
g Group22648
f 167/182 120/183 119/184 168/185
g Group22663
f 220/163 188/162 197/186 226/178
f 271/176 247/187 255/174 281/157
g Group22543
f 10/188 9/28 5/20 6/179
g Group22603
f 132/189 129/80 75/83 78/169
g Group22543
f 65/16 66/190 136/29 70/32
g Group22663
f 247/187 271/176 226/178 197/186
g Group22648
f 139/191 140/192 84/193 83/194
g Group22678
f 205/195 204/196 192/197 193/198
g Group22543
f 11/10 12/199 8/200 7/25
g Group22648
f 148/201 174/202 173/203 147/204
g Group22678
f 276/205 232/206 203/207 251/208
f 192/197 203/207 232/206 223/209
g Group22633
f 87/210 122/211 115/212 81/213
g Group22678
f 193/198 192/197 223/209 224/214
g Group22633
f 81/213 115/212 116/215 82/216
f 115/212 122/211 121/114
f 82/216 116/215 124/217 89/218
g Group22678
f 256/219 251/208 252/220
g Group22648
f 167/182 141/221 85/222 120/183
g Group22633
f 172/137 145/223 89/224 124/138
g Group22573
f 19/143 17/225 16/226 18/144
g Group22678
f 203/207 192/197 204/196
g Group22648
f 80/149 114/148 120/227 85/228
g Group22678
f 252/220 204/196 205/195 253/229
f 251/208 256/219 282/230 276/205
g Group22648
f 142/231 139/191 83/194 86/232
g Group22678
f 251/208 203/207 204/196 252/220
g Group22633
f 144/145 143/105 87/210 88/233
g Group22543
f 64/234 66/190 60/151 58/150
g Group22678
f 252/220 253/229 257/235 256/219
g Group22543
f 63/21 64/234 58/150 57/22
g Group22678
f 256/219 257/236 283/237 282/230
g Group22663
f 189/161 202/166 198/238
g Group22573
f 93/239 159/240 162/241 98/242
f 24/243 21/244 17/225 19/143
f 20/245 21/43 22/42
g Group22663
f 248/246 198/238 202/166 250/165
g Group22648
f 120/227 114/148 119/184
f 86/232 80/247 85/222
g Group22573
f 98/242 95/248 91/249 93/239
g Group22663
f 249/250 199/251 198/238 248/246
g Group22573
f 91/249 33/125 34/128 92/252
g Group22648
f 168/185 119/184 117/253 165/254
f 83/194 79/255 80/247 86/232
f 141/221 167/182 174/202 148/201
g Group22663
f 249/250 248/246 254/175 255/174
g Group22603
f 138/256 164/60 163/59 137/257
g Group22663
f 255/174 247/187 249/250
g Group22648
f 117/253 119/184 114/148 113/147
g Group22663
f 198/238 199/251 188/162 189/161
g Group22573
f 35/258 27/259 26/126 33/125
g Group22663
f 197/186 188/162 199/251
g Group22648
f 174/202 167/182 168/185
g Group22603
f 132/189 131/65 138/256
g Group22573
f 36/260 28/261 27/259 35/258
g Group22648
f 147/204 173/203 166/262 140/192
g Group22663
f 247/187 197/186 199/251 249/250
g Group22648
f 165/254 117/253 118/263 166/262
g Group22663
f 250/165 254/175 248/246
g Group22648
f 168/185 165/254 173/203 174/202
g Group22588
f 126/100 152/117 106/122 71/62
g Group22648
f 142/231 141/221 148/201
g Group22573
f 21/244 20/245 15/264 17/225
f 27/259 24/243 19/143 26/126
f 56/265 34/128 25/127 52/266
f 22/42 49/267 48/268 20/245
f 36/269 55/270 51/271 28/272
f 218/273 94/274 92/252 217/275
f 46/276 16/226 15/264 45/277
f 97/170 222/278 221/279 96/171
f 28/272 51/271 50/280 23/41
f 52/266 25/127 18/144 47/281
f 23/41 50/280 49/267 22/42
f 48/268 45/277 15/264 20/245
f 47/281 18/144 16/226 46/276
f 159/240 103/282 225/283 279/284
f 96/171 221/279 55/285 36/286
f 104/287 162/241 284/288 230/289
f 222/278 97/170 104/287 230/289
f 162/241 159/240 279/284 284/288
f 94/274 218/273 225/283 103/282
f 217/275 92/252 34/128 56/265
g Group22558
f 215/290 227/291 208/292
g Group22603
f 131/65 132/189 78/169 77/56
g Group22558
f 215/290 208/292 209/293 216/294
g Group22648
f 113/147 118/263 117/253
g Group22558
f 265/295 272/296 227/291 215/290
g Group22633
f 150/297 176/155 175/103 149/102
g Group22558
f 239/87 264/298 214/299 185/94
f 209/293 180/46 185/94 214/299
g Group22603
f 101/90 110/89 109/107
g Group22558
f 208/292 179/38 180/46 209/293
f 227/291 196/39 179/38 208/292
f 272/296 246/52 196/39 227/291
g Group22603
f 132/189 138/256 137/257 129/80
g Group22633
f 145/223 146/300 90/301 89/224
g Group22603
f 130/81 156/108 110/89 76/82
g Group22558
f 266/302 264/298 269/303
g Group22603
f 75/83 76/82 67/91
g Group22588
f 125/99 133/304 126/100
f 133/304 160/118 152/117 126/100
g Group22558
f 216/294 209/293 214/299
g Group22633
f 170/115 121/114 122/211 169/104
g Group22558
f 266/302 265/295 215/290 216/305
f 264/298 239/87 244/86 269/303
g Group22603
f 156/108 163/59 155/58
g Group22558
f 264/298 266/302 216/305 214/306
g Group22588
f 154/140 151/119 160/118 161/92
g Group22558
f 265/295 270/307 272/296
g Group22588
f 72/61 61/63 62/106 74/85
g Group22558
f 266/302 269/303 270/307 265/295
g Group22603
f 158/64 111/55 112/77 157/57
g Group22558
f 269/303 244/86 245/101 270/307
f 270/307 245/101 246/52 272/296
g Group22618
f 212/308 211/130 206/129
g Group22633
f 169/104 175/103 170/115
g Group22618
f 260/74 267/73 262/309
g Group22588
f 107/66 100/49 108/139
g Group22618
f 263/310 261/311 211/130 212/308
g Group22588
f 151/119 105/123 106/122 152/117
g Group22618
f 262/309 263/310 212/308 213/312
f 238/124 242/72 235/75
g Group22633
f 121/114 123/113 116/215 115/212
g Group22588
f 71/62 106/122 99/48 61/47
g Group22618
f 262/309 213/312 210/116 260/74
f 262/309 267/73 268/142 263/310
g Group22633
f 145/223 172/137 176/155 150/297
g Group22618
f 212/308 206/129 207/135 213/312
g Group22633
f 146/300 144/145 88/233 90/301
g Group22573
f 95/248 35/258 33/125 91/249
f 94/274 103/282 159/240 93/239
g Group22618
f 263/310 268/142 261/134
g Group22633
f 90/301 82/313 89/224
g Group22618
f 238/124 235/75 181/97 182/96
g Group22588
f 161/92 153/68 154/140
g Group22573
f 93/239 91/249 92/252 94/274
g Group22618
f 207/135 210/116 213/312
g Group22573
f 98/173 162/241 104/287 97/170
g Group22603
f 67/168 101/95 102/54 68/53
g Group22588
f 128/84 134/93 133/304 125/99
g Group22648
f 142/231 148/201 147/204 139/191
g Group22633
f 146/300 150/297 149/102 144/145
g Group22663
f 228/177 220/163 226/178
g Group22648
f 166/262 173/203 165/254
g Group22663
f 229/181 219/160 220/163 228/177
g Group22588
f 134/93 161/92 160/118 133/304
g Group22543
f 64/234 63/21 69/33 135/36
g Group22663
f 273/156 271/176 281/157
g Group22603
f 131/65 158/64 164/60 138/256
f 137/257 163/59 156/108 130/81
g Group22648
f 83/194 84/193 79/255
g Group22543
f 8/200 10/188 6/179 4/314
g Group22648
f 139/191 147/204 140/192
g Group22678
f 234/315 224/214 223/209 233/316
g Group22633
f 124/217 116/215 123/113
g Group22543
f 7/25 8/200 4/314 3/5
g Group22633
f 171/112 170/115 175/103 176/155
g Group22648
f 84/193 118/263 113/147 79/146
g Group22573
f 15/264 16/226 17/225
g Group22543
f 3/5 4/314 1/6
g Group22648
f 140/192 166/262 118/263 84/193
g Group22543
f 30/153 32/152 14/154 12/199
g Group22633
f 88/233 81/317 82/313 90/301
g Group22573
f 96/171 36/286 35/318 95/172
g Group22633
f 88/233 87/210 81/317
g Group22678
f 277/319 276/205 282/230
g Group22603
f 78/169 68/53 77/56
g Group22543
f 14/154 13/3 9/28 10/188
g Group22603
f 129/80 137/257 130/81
g Group22678
f 233/316 223/209 232/206
g Group22543
f 66/190 64/234 135/36 136/29
g Group22678
f 277/319 278/320 234/315 233/316
g Group22543
f 29/9 30/153 12/199 11/10
f 60/151 59/15 31/4 32/152
g Group22678
f 276/205 277/319 233/316 232/206
g Group22543
f 66/190 65/16 59/15 60/151
f 4/314 6/179 2/19 1/6
g Group22678
f 277/319 282/230 283/237 278/320
g Group22543
f 12/199 14/154 10/188 8/200
g Group22663
f 280/158 254/175 250/165 275/164
g Group22633
f 143/105 169/104 122/211 87/210
g Group22663
f 229/181 231/167 219/160
g Group22648
f 141/221 142/231 86/232 85/222
g Group22633
f 146/300 145/223 150/297
g Group22588
f 128/84 127/69 134/93
g Group22663
f 274/159 275/164 231/167 229/181
g Group22573
f 28/272 23/41 24/44 27/321
g Group22543
f 54/1 493/322 494/323 44/2
f 287/324 529/325 530/326 285/327
f 301/328 531/329 532/330 291/331
f 195/13 499/332 500/333 191/14
f 40/17 501/334 502/335 38/18
f 410/336 533/337 534/338 407/339
f 291/331 532/330 535/340 289/341
f 44/2 494/323 506/342 42/27
f 289/341 535/340 529/325 287/324
f 37/7 38/18 502/335 496/343
f 42/27 506/342 501/334 40/17
f 469/344 417/345 536/346 537/347
f 407/339 534/338 531/329 301/328
f 416/348 468/349 538/350 539/351
f 194/24 503/352 510/353 200/34
f 468/349 469/344 537/347 538/350
f 411/354 540/355 536/346 417/345
f 191/14 500/333 493/356 54/37
g Group22693
f 315/357 313/358 307/359
f 315/357 307/359 308/360 316/361
g Group22708
f 409/362 406/363 435/364 438/365
g Group22693
f 355/366 353/367 313/358 315/357
g Group22723
f 396/368 403/369 430/370 423/371
f 476/372 481/373 489/374 482/375
g Group22708
f 409/376 418/377 419/378
g Group22723
f 477/379 430/370 403/369 453/380
g Group22708
f 406/363 414/381 442/382 435/364
f 484/383 442/382 414/381 461/384
g Group22738
f 368/385 365/386 387/387 390/388
g Group22723
f 476/372 482/375 440/389 431/390
f 459/391 412/392 413/393 460/394
g Group22708
f 461/384 414/395 415/396 462/397
g Group22693
f 356/398 361/399 359/400
g Group22723
f 431/390 423/371 430/370
f 413/393 405/401 434/402 441/403
g Group22708
f 461/384 466/404 490/405 484/383
g Group22693
f 316/406 308/407 320/408
g Group22723
f 440/389 434/402 423/371 431/390
g Group22693
f 356/409 355/366 315/357 316/361
g Group22738
f 317/410 324/411 321/412
g Group22708
f 462/397 415/413 419/414 463/415
g Group22693
f 361/399 356/398 316/406 320/408
g Group22708
f 463/415 419/416 418/417 464/418
g Group22693
f 355/366 360/419 353/367
g Group22723
f 476/372 477/379 481/373
g Group22693
f 356/409 359/400 360/419 355/366
g Group22753
f 455/420 447/421 470/422 478/423
g Group22708
f 414/395 406/424 415/396
g Group22723
f 482/375 483/425 441/403 440/389
g Group22738
f 322/426 323/427 318/428
g Group22753
f 388/429 471/430 424/431 347/432
g Group22738
f 365/386 324/411 346/433 387/387
g Group22708
f 486/434 491/435 487/436
g Group22738
f 362/437 363/438 323/427 322/426
g Group22708
f 445/439 446/440 438/441
g Group22738
f 364/442 362/437 322/426 321/443
f 323/427 343/444 339/445 318/428
f 363/438 384/446 343/444 323/427
f 318/428 339/445 340/447 317/410
f 364/442 368/448 369/449 362/437
f 324/411 317/410 340/447 346/433
f 322/426 318/428 317/410 321/443
g Group22753
f 389/450 388/429 347/432 348/451
g Group22708
f 484/383 485/452 443/453 442/382
g Group22738
f 368/448 390/454 391/455 369/449
f 362/437 369/449 363/438
g Group22708
f 445/439 438/441 435/364 443/456
g Group22753
f 447/421 455/420 448/457
g Group22708
f 485/458 486/434 445/459 443/460
g Group22738
f 369/449 391/455 384/446 363/438
g Group22768
f 395/461 394/462 421/463 422/464
g Group22753
f 388/429 389/450 392/465
g Group22783
f 373/466 374/467 379/468 380/469
f 327/470 328/471 305/472 306/473
f 371/474 331/475 309/476 349/477
f 331/475 327/470 306/473 309/476
g Group22723
f 412/392 404/478 396/368 405/401
g Group22783
f 371/474 379/468 374/467
f 380/469 379/468 357/479 358/480
f 375/481 335/482 333/483 373/466
f 373/466 333/483 334/484 374/467
g Group22768
f 472/485 473/486 426/487 427/488
g Group22783
f 328/489 335/482 314/490 305/491
f 375/481 380/469 358/480 354/492
g Group22723
f 454/493 404/478 412/392 459/391
g Group22783
f 354/492 314/490 335/482 375/481
g Group22768
f 451/494 401/495 402/496 452/497
f 456/498 457/499 480/500 479/501
g Group22678
f 372/502 350/503 310/504 332/505
f 193/198 224/214 332/505 310/504
g Group22753
f 397/506 393/507 420/508 425/509
f 393/510 319/511 341/512 420/513
f 424/431 425/509 420/513
f 319/511 325/514 348/451 341/512
g Group22678
f 253/229 350/503 257/235
g Group22768
f 472/485 427/488 399/515 449/516
g Group22753
f 389/450 348/451 325/514 366/517
g Group22678
f 205/195 193/198 310/504
g Group22768
f 394/518 399/515 427/488 421/519
g Group22678
f 350/520 372/521 283/237 257/236
g Group22768
f 450/522 400/523 401/495 451/494
g Group22678
f 350/503 253/229 205/195 310/504
g Group22753
f 448/457 398/524 397/506 447/421
g Group22783
f 311/525 309/476 306/473
f 351/526 349/477 309/476 311/525
g Group22768
f 426/487 421/519 427/488
f 399/515 394/518 400/527
g Group22783
f 352/528 351/529 311/530 312/531
g Group22768
f 473/486 474/532 428/533 426/487
f 401/495 400/523 394/462 395/461
f 449/516 456/498 479/501 472/485
g Group22783
f 352/528 358/480 357/479 351/529
g Group22723
f 458/534 465/535 489/374 481/373
g Group22783
f 352/528 354/492 358/480
g Group22768
f 428/533 422/536 421/519 426/487
g Group22783
f 311/530 306/537 305/491 312/531
f 312/531 305/491 314/490
g Group22768
f 473/486 472/485 479/501
g Group22723
f 458/534 453/380 454/493
g Group22768
f 457/499 452/497 475/538 480/500
g Group22783
f 354/492 352/528 312/531 314/490
g Group22768
f 474/532 475/538 429/539 428/533
g Group22783
f 351/526 357/479 349/477
g Group22768
f 473/486 479/501 480/500 474/532
g Group22708
f 464/540 418/541 446/542 487/543
g Group22768
f 456/498 449/516 450/544
g Group22573
f 56/265 52/266 299/545 303/546
f 297/547 296/548 48/268 49/267
f 304/549 300/550 51/271 55/270
f 218/273 217/275 432/551 433/552
f 46/276 45/277 293/553 294/554
f 437/555 436/556 221/279 222/278
f 300/550 298/557 50/280 51/271
f 52/266 47/281 295/558 299/545
f 298/557 297/547 49/267 50/280
f 48/268 296/548 293/553 45/277
f 47/281 46/276 294/554 295/558
f 488/559 279/284 225/283 439/560
f 436/556 304/561 55/285 221/279
f 444/562 230/289 284/288 492/563
f 222/278 230/289 444/562 437/555
f 492/563 284/288 279/284 488/559
f 433/552 439/560 225/283 218/273
f 217/275 56/265 303/546 432/551
g Group22693
f 329/564 336/565 337/566
g Group22723
f 453/380 403/369 404/478 454/493
g Group22693
f 337/567 338/568 330/569 329/570
g Group22768
f 428/533 429/539 422/536
g Group22693
f 377/571 337/566 336/565 376/572
g Group22753
f 370/573 455/420 478/423 392/465
g Group22693
f 361/399 320/408 342/574 383/575
f 330/569 342/574 320/408 308/407
g Group22723
f 440/389 441/403 434/402
g Group22693
f 329/570 330/569 308/407 307/576
f 336/565 329/564 307/359 313/358
f 376/572 336/565 313/358 353/367
g Group22723
f 454/493 459/391 465/535 458/534
g Group22753
f 366/517 325/514 326/577 367/578
g Group22723
f 460/394 413/579 441/403 483/425
g Group22693
f 381/580 383/575 378/581
g Group22723
f 405/401 413/393 412/392
g Group22708
f 464/418 467/582 463/415
f 467/583 464/540 487/543 491/584
g Group22693
f 342/574 330/569 338/568
g Group22753
f 471/430 470/422 425/509 424/431
g Group22693
f 378/581 338/568 337/567 377/571
f 383/575 381/580 359/400 361/399
g Group22723
f 482/375 489/374 483/425
g Group22693
f 383/575 342/574 338/568 378/581
g Group22708
f 485/458 490/405 491/435 486/434
g Group22693
f 376/572 382/585 377/571
g Group22708
f 419/378 415/396 406/424 409/376
g Group22693
f 378/581 377/571 382/585 381/580
g Group22723
f 477/379 476/372 431/390 430/370
g Group22693
f 381/580 382/585 360/419 359/400
f 382/585 376/572 353/367 360/419
g Group22738
f 339/445 343/444 344/586
g Group22753
f 471/430 478/423 470/422
g Group22738
f 385/587 390/388 387/387
g Group22708
f 443/456 435/364 442/382
g Group22738
f 386/588 344/586 343/444 384/446
g Group22708
f 486/434 487/436 446/589 445/590
g Group22738
f 385/587 345/591 344/586 386/588
f 365/386 368/385 364/592
g Group22753
f 424/431 420/513 341/512 347/432
g Group22708
f 418/593 409/362 438/365 446/594
g Group22738
f 385/587 387/387 346/433 345/591
f 385/595 386/588 391/455 390/454
g Group22753
f 366/517 370/573 392/465 389/450
g Group22738
f 344/586 345/591 340/447 339/445
g Group22753
f 367/596 326/597 398/524 448/457
g Group22738
f 384/446 391/455 386/588
g Group22753
f 325/514 319/511 326/577
g Group22738
f 364/592 321/412 324/411 365/386
g Group22708
f 485/458 484/383 490/405
g Group22738
f 345/591 346/433 340/447
g Group22723
f 405/401 396/368 423/371 434/402
g Group22708
f 462/397 463/415 467/582 466/404
g Group22768
f 450/522 451/494 457/499 456/498
g Group22753
f 367/596 448/457 455/420 370/573
g Group22783
f 335/482 328/489 333/483
g Group22768
f 474/532 480/500 475/538
g Group22783
f 334/484 333/483 328/471 327/470
g Group22708
f 466/404 467/583 491/584 490/405
g Group22783
f 380/469 375/481 373/466
g Group22723
f 453/380 458/534 481/373 477/379
f 465/535 460/394 483/425 489/374
g Group22768
f 395/461 402/496 401/495
f 452/497 457/499 451/494
g Group22753
f 347/432 341/512 348/451
f 388/429 392/465 478/423 471/430
g Group22768
f 402/496 395/461 422/464 429/539
f 452/497 402/496 429/539 475/538
g Group22753
f 398/524 326/597 319/598 393/507
f 393/507 397/506 398/524
g Group22678
f 283/237 372/521 278/320
g Group22723
f 403/369 396/368 404/478
f 460/394 465/535 459/391
g Group22678
f 332/505 224/214 234/315
f 372/502 332/505 234/315 278/320
g Group22783
f 379/468 371/474 349/477 357/479
g Group22753
f 447/421 397/506 425/509 470/422
g Group22783
f 327/470 331/475 334/484
g Group22768
f 449/516 399/515 400/527 450/544
g Group22753
f 370/573 366/517 367/578
g Group22708
f 466/404 461/384 462/397
g Group22783
f 374/467 334/484 331/475 371/474
g Group22543
f 495/599 39/8 37/7 496/343
f 497/600 53/12 43/11 498/601
f 503/352 194/24 190/23 504/602
f 498/601 43/11 41/26 505/603
f 505/603 41/26 39/8 495/599
f 508/604 507/605 201/31 259/30
f 504/602 190/23 53/12 497/600
f 510/353 509/606 258/35 200/34
f 509/606 508/604 259/30 258/35
f 499/332 195/13 201/31 507/605
f 523/607 547/608 548/609 524/610
f 522/611 549/612 550/613 525/614
f 526/615 551/616 552/617 527/618
f 524/610 548/609 553/619 528/620
f 512/621 527/618 552/617 554/622
f 528/620 553/619 551/616 526/615
f 515/623 555/624 556/625 521/626
f 525/614 550/613 547/627 523/628
f 501/334 506/342 505/603 495/599
f 528/620 526/615 511/629 517/630
f 507/605 508/604 509/606 510/353
f 519/631 518/632 521/626 520/633
f 527/618 512/621 511/629 526/615
f 496/343 502/335 501/334 495/599
f 505/603 506/342 494/323 498/601
f 528/620 517/630 514/634 524/610
f 521/626 518/632 523/628 513/635
f 507/605 510/353 497/600 493/356
f 497/600 510/353 503/352 504/602
f 521/626 513/635 516/636 515/623
f 523/628 518/632 522/611 525/614
f 507/605 493/356 500/333 499/332
f 498/601 494/323 524/610 514/634
f 497/600 498/601 514/634 513/635
f 493/356 497/600 513/635 523/628
f 494/323 493/322 523/607 524/610
f 541/637 302/638 292/639 542/640
f 540/355 411/354 408/641 543/642
f 544/643 288/644 286/645 545/646
f 542/640 292/639 290/647 546/648
f 530/326 545/646 286/645 285/327
f 546/648 290/647 288/644 544/643
f 533/337 410/336 416/348 539/351
f 543/642 408/641 302/649 541/650
f 557/651 511/629 512/621 554/622
f 558/652 513/635 514/634 559/653
f 555/624 515/623 516/636 560/654
f 559/653 514/634 517/630 561/655
f 561/655 517/630 511/629 557/651
f 563/656 562/657 518/632 519/631
f 560/654 516/636 513/635 558/652
f 556/625 564/658 520/633 521/626
f 564/658 563/656 519/631 520/633
f 549/612 522/611 518/632 562/657
f 551/616 553/619 561/655 557/651
f 546/648 544/643 529/325 535/340
f 562/657 563/656 564/658 556/625
f 537/347 536/346 539/351 538/350
f 558/652 547/627 562/657 556/625
f 541/650 531/329 539/351 536/346
f 539/351 531/329 534/338 533/337
f 558/652 556/625 555/624 560/654
f 562/657 547/627 550/613 549/612
f 541/650 536/346 540/355 543/642
f 545/646 530/326 529/325 544/643
f 554/622 552/617 551/616 557/651
f 561/655 553/619 548/609 559/653
f 546/648 535/340 532/330 542/640
f 559/653 548/609 542/640 532/330
f 558/652 559/653 532/330 531/329
f 547/627 558/652 531/329 541/650
f 548/609 547/608 541/637 542/640
g Group22798
f 574/659 835/660 836/661 572/662
f 650/663 819/664 820/665 649/666
f 663/667 821/668 822/669 660/670
f 590/671 837/672 838/673 589/674
f 569/675 839/676 840/677 568/678
f 686/679 827/680 828/681 685/682
f 660/670 822/669 829/683 652/684
f 572/662 836/661 841/685 570/686
f 652/684 829/683 819/664 650/663
f 565/687 568/678 840/677 842/688
f 570/686 841/685 839/676 569/675
f 696/689 694/690 831/691 832/692
f 685/682 828/681 821/693 663/694
f 693/695 695/696 833/697 834/698
f 588/699 843/700 844/701 591/702
f 695/696 696/689 832/692 833/697
f 692/703 823/704 831/691 694/690
f 589/674 838/673 835/660 574/659
g Group22813
f 675/705 676/706 673/707 672/708
f 682/709 681/710 678/711 677/712
f 677/712 678/711 668/713 674/714
g Group22828
f 592/715 593/716 586/717
g Group22798
f 688/718 664/719 665/720 689/721
f 665/720 661/722 662/723 666/724
g Group22828
f 603/725 604/726 593/716 592/715
f 605/727 603/725 592/715 594/728
g Group22798
f 685/682 663/694 664/719 688/718
g Group22828
f 605/727 609/729 608/730 603/725
g Group22813
f 704/731 705/732 700/733 701/734
g Group22828
f 605/727 606/735 609/729
f 592/715 586/717 587/736 594/728
f 594/728 587/736 595/737
g Group22798
f 654/738 656/739 655/740
g Group22828
f 606/735 605/727 594/728 595/737
f 603/725 608/730 604/726
g Group22798
f 657/741 655/740 656/739 658/742
f 692/703 694/690 696/689 691/743
g Group22843
f 600/744 596/745 598/746
f 600/744 598/746 599/747 601/748
g Group22798
f 660/670 652/684 653/749 659/750
g Group22843
f 612/751 607/752 596/745 600/744
f 645/753 613/754 602/755 634/756
f 599/747 631/757 634/756 602/755
f 598/746 630/758 631/757 599/747
f 596/745 629/759 630/758 598/746
f 607/752 639/760 629/759 596/745
f 614/761 613/754 616/762
g Group22813
f 674/714 668/713 667/763 670/764
g Group22843
f 601/748 599/747 602/755
f 614/761 612/765 600/766 601/748
f 613/754 645/753 648/767 616/762
f 613/754 614/761 601/748 602/755
f 612/765 615/768 607/769
g Group22798
f 687/770 688/718 689/721 691/743
g Group22843
f 614/761 616/762 615/768 612/765
g Group22798
f 686/679 685/682 688/718 687/770
g Group22843
f 616/762 648/767 647/771 615/768
f 615/768 647/771 639/772 607/769
g Group22813
f 702/773 705/732 708/774 707/775
f 676/706 674/714 670/764 673/707
f 672/776 673/777 671/778
f 705/732 702/773 698/779 700/733
f 698/779 699/780 681/710 682/781
f 684/782 682/709 677/712 679/783
f 683/784 684/785 679/786 680/787
f 673/777 670/788 669/789 671/778
f 679/783 677/712 674/714 676/706
g Group22858
f 583/790 581/791 799/792 800/793
g Group22813
f 672/776 671/778 763/794 764/795
f 683/784 680/787 765/796 766/797
g Group22858
f 620/798 618/799 801/800 802/801
f 575/802 577/803 803/804 804/805
g Group22813
f 704/806 701/807 767/808 768/809
f 680/787 675/810 769/811 765/796
g Group22858
f 581/791 576/812 805/813 799/792
g Group22813
f 675/810 672/776 764/795 769/811
g Group22858
f 578/814 806/815 803/804 577/803
f 576/812 575/802 804/805 805/813
g Group22813
f 707/775 770/816 771/817 697/818
f 701/807 683/819 766/820 767/808
f 706/821 772/822 773/823 708/774
g Group22858
f 621/824 624/825 807/826 808/827
g Group22813
f 708/774 773/823 770/816 707/775
f 703/828 697/818 771/817 774/829
g Group22858
f 618/799 583/790 800/793 801/800
g Group22813
f 700/733 698/779 682/781 684/830
f 703/828 702/773 707/775 697/818
f 702/773 703/828 699/780 698/779
g Group22828
f 622/831 626/832 625/833
g Group22813
f 705/732 704/731 706/821 708/774
g Group22828
f 635/834 625/833 626/832 636/835
f 606/735 595/737 628/836 638/837
f 623/838 628/839 595/840 587/841
f 637/842 627/843 625/833 635/834
f 626/832 622/831 586/717 593/716
f 636/835 626/832 593/716 604/726
f 622/831 623/838 587/841 586/717
f 637/842 635/834 642/844 643/845
f 643/845 638/837 637/842
f 625/833 627/843 623/838 622/831
f 628/839 623/838 627/843
g Group22798
f 687/770 695/696 693/695 686/679
g Group22828
f 638/837 643/845 609/729 606/735
f 638/837 628/836 627/843 637/842
f 643/845 642/844 608/730 609/729
f 636/835 642/844 635/834
g Group22798
f 653/749 651/846 655/740 657/741
g Group22828
f 642/844 636/835 604/726 608/730
g Group22843
f 630/758 629/759 632/847
f 632/847 633/848 631/757 630/758
f 644/849 632/847 629/759 639/760
g Group22798
f 652/684 650/663 651/846 653/749
g Group22813
f 670/788 667/763 669/789
g Group22798
f 649/666 651/846 650/663
f 664/719 659/750 661/722 665/720
g Group22813
f 701/734 700/733 684/830 683/850
g Group22843
f 648/767 645/753 646/851
g Group22798
f 661/722 657/741 658/742 662/723
g Group22843
f 634/756 631/757 633/848
g Group22798
f 691/743 696/689 695/696 687/770
g Group22843
f 646/852 633/848 632/847 644/849
g Group22798
f 663/694 660/670 659/750 664/719
f 689/721 665/720 666/724 690/853
g Group22843
f 645/753 634/756 633/848 646/851
g Group22798
f 691/743 689/721 690/853 692/703
g Group22843
f 639/760 647/854 644/849
g Group22798
f 651/846 649/666 654/738 655/740
g Group22843
f 646/852 644/849 647/854 648/855
g Group22798
f 659/750 653/749 657/741 661/722
g Group22813
f 680/856 679/783 676/706 675/705
f 710/857 709/858 739/859 740/860
f 712/861 711/862 788/863 791/864
f 714/865 713/866 792/867 793/868
f 716/869 715/870 741/871 738/872
f 718/873 717/874 742/875 743/876
f 720/877 719/878 794/879 790/880
f 713/866 721/881 795/882 792/867
f 709/858 722/883 744/884 739/859
f 721/881 712/861 791/864 795/882
f 711/862 727/885 742/875 717/874
f 722/883 718/873 743/876 744/884
f 723/886 796/887 797/888 724/889
f 719/878 714/890 793/891 794/879
f 725/892 789/893 798/894 726/895
f 720/877 725/892 736/896 732/897
f 726/895 798/894 796/887 723/886
f 716/869 724/889 797/888 784/898
f 715/870 710/857 740/860 741/871
f 728/899 727/885 711/862 712/861
f 730/900 729/901 713/866 714/865
f 732/897 731/902 719/878 720/877
f 729/901 733/903 721/881 713/866
f 733/903 728/899 712/861 721/881
f 734/904 723/886 724/889 735/905
f 731/902 730/906 714/890 719/878
f 736/896 725/892 726/895 737/907
f 737/907 726/895 723/886 734/904
f 738/872 735/905 724/889 716/869
f 740/860 739/859 757/908 758/909
f 738/872 741/871 759/910 756/911
f 743/876 742/875 760/912 761/913
f 739/859 744/884 762/914 757/908
f 727/885 745/915 760/912 742/875
f 744/884 743/876 761/913 762/914
f 732/897 736/896 754/916 750/917
f 741/871 740/860 758/909 759/910
f 746/918 745/915 727/885 728/899
f 748/919 747/920 729/901 730/900
f 750/917 749/921 731/902 732/897
f 747/920 751/922 733/903 729/901
f 751/922 746/918 728/899 733/903
f 752/923 734/904 735/905 753/924
f 749/921 748/925 730/906 731/902
f 754/916 736/896 737/907 755/926
f 755/926 737/907 734/904 752/923
f 756/911 753/924 735/905 738/872
f 758/909 757/908 775/927 776/928
f 756/911 759/910 777/929 774/829
f 761/913 760/912 778/930 779/931
f 757/908 762/914 780/932 775/927
f 745/915 763/794 778/930 760/912
f 762/914 761/913 779/931 780/932
f 750/917 754/916 772/933 768/934
f 759/910 758/909 776/928 777/929
f 764/935 763/794 745/915 746/918
f 766/936 765/937 747/920 748/919
f 768/934 767/938 749/921 750/917
f 765/937 769/939 751/922 747/920
f 769/939 764/935 746/918 751/922
f 770/816 752/923 753/924 771/817
f 767/938 766/940 748/925 749/921
f 772/933 754/916 755/926 773/823
f 773/823 755/926 752/923 770/816
f 774/829 771/817 753/924 756/911
f 776/928 775/927 678/711 681/710
f 774/829 777/929 699/780 703/828
f 779/931 778/930 669/789 667/763
f 775/927 780/932 668/713 678/711
f 763/794 671/778 669/789 778/930
f 780/932 779/931 667/763 668/713
f 768/809 772/822 706/821 704/806
f 777/929 776/928 681/710 699/780
f 782/941 781/942 709/858 710/857
f 784/898 783/943 715/870 716/869
f 786/944 785/945 717/874 718/873
f 781/942 787/946 722/883 709/858
f 788/863 711/862 717/874 785/945
f 787/946 786/944 718/873 722/883
f 790/880 789/893 725/892 720/877
f 783/943 782/941 710/857 715/870
g Group22858
f 809/947 806/815 578/814 579/948
f 811/949 810/950 582/951 584/952
f 808/827 812/953 619/954 621/824
f 810/950 813/955 580/956 582/951
f 813/955 809/947 579/948 580/956
f 814/957 640/958 617/959 815/960
f 812/953 811/949 584/952 619/954
f 807/826 624/825 641/961 816/962
f 816/962 641/961 640/958 814/957
f 802/801 815/960 617/959 620/798
g Group22813
f 798/894 789/893 797/963 796/887
g Group22858
f 807/826 816/962 814/957 815/960
f 810/950 811/949 800/793 799/792
g Group22813
f 793/868 792/867 781/964 782/965
g Group22858
f 809/947 813/955 805/813 804/805
g Group22813
f 795/882 791/864 786/966 787/967
f 797/963 789/893 790/880 784/968
g Group22858
f 807/826 815/960 802/801 808/827
g Group22813
f 784/968 790/880 794/879 783/969
g Group22858
f 808/827 802/801 801/800 812/953
g Group22813
f 783/969 794/879 793/891 782/970
g Group22858
f 812/953 801/800 800/793 811/949
g Group22813
f 781/964 792/867 795/882 787/967
g Group22858
f 810/950 799/792 805/813 813/955
g Group22813
f 786/966 791/864 788/863 785/945
g Group22858
f 809/947 804/805 803/804 806/815
g Group22798
f 817/971 666/724 662/723 818/972
f 823/704 692/703 690/853 824/973
f 825/974 656/739 654/738 826/975
f 818/972 662/723 658/742 830/976
f 820/665 826/975 654/738 649/666
f 830/976 658/742 656/739 825/974
f 827/680 686/679 693/695 834/698
f 824/973 690/853 666/724 817/971
f 845/977 566/978 565/687 842/688
f 846/979 573/980 571/981 847/982
f 843/700 588/699 585/983 848/984
f 847/982 571/981 567/985 849/986
f 849/986 567/985 566/978 845/977
f 851/987 850/988 597/989 611/990
f 848/984 585/983 573/991 846/992
f 844/701 852/993 610/994 591/702
f 852/993 851/987 611/990 610/994
f 837/672 590/671 597/989 850/988
f 851/987 852/993 844/701 850/988
f 833/697 832/692 831/691 834/698
f 839/676 841/685 849/986 845/977
f 830/976 825/974 819/664 829/683
f 826/975 820/665 819/664 825/974
f 842/688 840/677 839/676 845/977
f 849/986 841/685 836/661 847/982
f 830/976 829/683 822/669 818/972
f 850/988 844/701 846/992 835/660
f 834/698 831/691 817/971 821/693
f 817/971 831/691 823/704 824/973
f 850/988 835/660 838/673 837/672
f 846/992 844/701 843/700 848/984
f 834/698 821/693 828/681 827/680
f 835/660 846/992 821/693 817/971
f 836/661 835/660 817/971 818/972
f 847/982 836/661 818/972 822/669
f 846/979 847/982 822/669 821/668
g Group22873
f 867/995 864/996 863/997 868/998
f 868/998 863/997 865/999 869/1000
f 870/1001 866/1002 1742/1003 1741/1004
f 853/1005 855/1006 854/1007
f 1022/1008 1021/1009 1346/1010 1345/1011
f 1029/1012 1027/1013 1348/1014 1347/1015
f 892/1016 889/1017 894/1018 893/1019
f 893/1019 894/1018 895/1020 897/1021
f 898/1022 896/1023 1744/1024 1743/1025
f 860/1026 858/1027 1746/1028 1745/1029
f 1080/1030 1078/1031 1350/1032 1349/1033
f 1027/1013 1023/1034 1351/1035 1348/1014
f 864/996 856/1036 857/1037 863/997
f 866/1002 862/1038 1747/1039 1742/1003
f 863/997 857/1037 861/1040 865/999
f 855/1006 853/1005 858/1027 859/1041
f 895/1042 869/1043 870/1044 896/1023
f 897/1021 922/1045 921/1046 893/1019
f 1023/1034 1022/1008 1345/1011 1351/1035
f 856/1036 854/1007 855/1006 857/1037
f 853/1005 1748/1047 1746/1028 858/1027
f 862/1038 860/1026 1745/1029 1747/1039
f 857/1037 855/1006 859/1041 861/1040
f 1102/1048 1353/1049 1352/1050 1088/1051
f 1078/1031 1029/1012 1347/1015 1350/1032
f 893/1019 921/1046 899/1052 892/1016
f 1085/1053 1355/1054 1354/1055 1101/1056
f 892/1016 899/1052 1750/1057 1749/1058
f 1101/1056 1354/1055 1353/1049 1102/1048
f 898/1022 905/1059 922/1045 897/1060
f 1082/1061 1088/1051 1352/1050 1356/1062
f 861/1063 859/1064 860/1026 862/1038
f 858/1027 860/1026 859/1064
f 889/1017 867/995 868/998 894/1018
f 869/1065 865/1066 866/1002 870/1001
f 894/1018 868/998 869/1000 895/1020
f 897/1060 895/1042 896/1023 898/1022
f 896/1023 870/1044 1741/1067 1744/1024
f 865/1066 861/1063 862/1038 866/1002
g Group22888
f 932/1068 935/1069 936/1070
f 936/1070 939/1071 937/1072 932/1068
g Group22903
f 1079/1073 1145/1074 1144/1075 1077/1076
g Group22888
f 946/1077 936/1070 935/1069 945/1078
g Group22918
f 1071/1079 1134/1080 1137/1081 1074/1082
f 1152/1083 1153/1084 1156/1085 1155/1086
g Group22903
f 1086/1087 1087/1088 1079/1073
g Group22918
f 1151/1089 1089/1090 1074/1082 1137/1081
g Group22903
f 1077/1076 1144/1075 1147/1091 1083/1092
f 1157/1093 1095/1094 1083/1092 1147/1091
g Group22933
f 1061/1095 1123/1096 1119/1097 1057/1098
g Group22918
f 1152/1083 1136/1099 1138/1100 1153/1084
f 1091/1101 1092/1102 1076/1103 1075/1104
g Group22903
f 1095/1094 1096/1105 1084/1106 1083/1092
g Group22888
f 953/1107 949/1108 950/1109
g Group22918
f 1137/1110 1134/1111 1136/1112
f 1076/1113 1139/1114 1135/1115 1072/1116
g Group22903
f 1095/1094 1157/1093 1163/1117 1099/1118
g Group22888
f 940/1119 937/1072 939/1071
g Group22918
f 1138/1120 1136/1112 1134/1111 1135/1121
g Group22888
f 950/1109 939/1071 936/1070 946/1077
g Group22933
f 1044/1122 1045/1123 1041/1124
g Group22903
f 1096/1105 1097/1125 1086/1087 1084/1106
g Group22888
f 949/1108 940/1119 939/1071 950/1109
g Group22903
f 1097/1125 1098/1126 1087/1088 1086/1087
g Group22888
f 945/1078 948/1127 946/1077
g Group22918
f 1155/1086 1151/1089 1152/1083
g Group22888
f 950/1109 946/1077 948/1127 953/1107
g Group22948
f 1063/1128 1125/1129 1126/1130 1064/1131
g Group22903
f 1084/1106 1077/1076 1083/1092
g Group22918
f 1153/1084 1138/1132 1139/1133 1154/1134
g Group22933
f 938/1135 942/1136 941/1137
g Group22948
f 1121/1138 1108/1139 1110/1140 1122/1141
g Group22933
f 1057/1142 1119/1143 1107/1144 1045/1123
g Group22903
f 1160/1145 1164/1146 1159/1147
g Group22933
f 951/1148 941/1137 942/1136 952/1149
g Group22903
f 1145/1074 1150/1150 1149/1151
g Group22933
f 1056/1152 1044/1122 941/1137 951/1148
f 942/1136 938/1135 1004/1153 1008/1154
f 952/1149 942/1136 1008/1154 1018/1155
f 938/1135 1041/1124 1103/1156 1004/1153
f 1056/1152 951/1148 954/1157 1061/1158
f 1045/1123 1107/1144 1103/1156 1041/1124
f 941/1137 1044/1122 1041/1124 938/1135
g Group22948
f 1120/1159 1109/1160 1108/1139 1121/1138
g Group22903
f 1157/1093 1147/1091 1148/1161 1158/1162
g Group22933
f 1061/1095 954/1157 1020/1163 1123/1096
f 952/1149 954/1157 951/1148
g Group22903
f 1149/1151 1148/1161 1144/1075 1145/1074
g Group22948
f 1060/1164 1063/1128 1064/1131
g Group22903
f 1158/1162 1148/1161 1149/1151 1159/1147
g Group22933
f 954/1157 952/1149 1018/1155 1020/1163
g Group22963
f 890/1165 901/1166 900/1167
g Group22978
f 1050/1168 1112/1169 1111/1170 1049/1171
g Group22963
f 914/1172 900/1167 901/1166 915/1173
g Group22948
f 1124/1174 1120/1159 1121/1138
g Group22993
f 1009/1175 1013/1176 996/1177 992/1178
f 974/1179 908/1180 931/1181 997/1182
g Group22963
f 916/1183 902/1184 900/1167 914/1172
g Group22993
f 993/1185 927/1186 913/1187 979/1188
f 979/1188 913/1187 908/1180 974/1179
g Group22918
f 1075/1189 1072/1190 1071/1079 1073/1191
g Group22963
f 916/1183 914/1172 919/1192 920/1193
f 920/1193 917/1194 916/1183
g Group22993
f 992/1178 996/1177 993/1185
g Group22963
f 900/1167 902/1184 891/1195 890/1165
g Group22993
f 1013/1176 947/1196 930/1197 996/1177
g Group22963
f 903/1198 891/1195 902/1184
g Group22993
f 1010/1199 1009/1175 999/1200 1000/1201
f 1009/1175 992/1178 978/1202 999/1200
g Group22978
f 1127/1203 1114/1204 1115/1205 1128/1206
g Group22963
f 917/1194 903/1198 902/1184 916/1183
g Group22993
f 997/1182 931/1181 934/1207 1000/1208
g Group22963
f 915/1173 919/1192 914/1172
g Group22993
f 1010/1199 944/1209 947/1196 1013/1176
g Group22918
f 1090/1210 1091/1101 1075/1104 1073/1211
g Group22993
f 944/1209 1010/1199 1000/1201 934/1212
g Group23008
f 906/1213 904/1214 909/1215
g Group22978
f 1067/1216 1068/1217 1055/1218 1054/1219
g Group23008
f 909/1215 910/1220 907/1221 906/1213
f 923/1222 909/1215 904/1214 918/1223
g Group22978
f 1069/1224 1131/1225 1132/1226 1070/1227
g Group23008
f 990/1228 977/1229 911/1230 924/1231
f 907/1221 911/1232 977/1233 973/1234
g Group22948
f 1051/1235 1113/1236 1105/1237 1043/1238
g Group23008
f 906/1213 907/1221 973/1234 972/1239
f 904/1214 906/1213 972/1239 971/1240
f 918/1223 904/1214 971/1240 984/1241
g Group22948
f 1043/1238 1105/1237 1104/1242 1042/1243
f 1105/1237 1113/1236 1110/1244
f 1042/1243 1104/1242 1109/1160 1047/1245
g Group23008
f 929/1246 924/1231 925/1247
g Group22978
f 1127/1203 1065/1248 1052/1249 1114/1204
g Group22948
f 1120/1159 1058/1250 1047/1245 1109/1160
g Group23008
f 911/1232 907/1221 910/1220
g Group22978
f 1049/1251 1111/1252 1114/1204 1052/1249
g Group23008
f 925/1247 910/1253 909/1254 923/1222
f 924/1231 929/1246 995/1255 990/1228
g Group22978
f 1066/1256 1067/1257 1054/1258 1053/1259
g Group23008
f 924/1231 911/1230 910/1253 925/1247
g Group22948
f 1060/1164 1064/1131 1051/1260 1048/1261
g Group23008
f 918/1223 928/1262 923/1222
f 925/1247 923/1222 928/1262 929/1246
f 929/1246 928/1262 994/1263 995/1255
f 928/1262 918/1223 984/1241 994/1263
g Group22993
f 908/1180 913/1187 912/1264
f 926/1265 912/1264 913/1187 927/1186
g Group22978
f 1114/1204 1111/1252 1115/1205
f 1053/1259 1049/1251 1052/1249
g Group22993
f 943/1266 933/1267 912/1264 926/1265
g Group22978
f 1128/1206 1115/1205 1116/1268 1129/1269
f 1054/1258 1050/1270 1049/1251 1053/1259
f 1065/1248 1127/1203 1131/1225 1069/1224
g Group22993
f 943/1266 926/1265 930/1197 947/1196
g Group22918
f 1093/1271 1155/1086 1156/1272 1094/1273
g Group22993
f 947/1196 944/1209 943/1266
g Group22978
f 1116/1274 1115/1275 1111/1170 1112/1169
g Group22993
f 912/1264 933/1267 931/1276 908/1180
f 934/1212 931/1276 933/1267
g Group22978
f 1131/1225 1127/1203 1128/1206
g Group22918
f 1090/1277 1089/1090 1093/1271
g Group22978
f 1070/1227 1132/1226 1130/1278 1068/1217
g Group22993
f 944/1209 934/1212 933/1267 943/1266
g Group22978
f 1129/1269 1116/1268 1117/1279 1130/1278
g Group22993
f 927/1186 930/1197 926/1265
g Group22978
f 1128/1206 1129/1269 1132/1226 1131/1225
g Group22903
f 1098/1280 1160/1281 1150/1282 1087/1283
g Group22978
f 1066/1256 1065/1248 1069/1224
g Group23023
f 887/1284 888/1285 883/1286 884/1287
f 888/1285 886/1288 881/1289 883/1286
f 885/1290 1752/1291 1751/1292 882/1293
f 876/1294 877/1295 875/1296
f 1035/1297 1358/1298 1357/1299 1034/1300
f 1040/1301 1360/1302 1359/1303 1038/1304
f 962/1305 963/1306 958/1307 959/1308
f 963/1306 960/1309 956/1310 958/1307
f 961/1311 1754/1312 1753/1313 957/1314
f 871/1315 1756/1316 1755/1317 873/1318
f 1143/1319 1362/1320 1361/1321 1141/1322
f 1038/1304 1359/1303 1363/1323 1036/1324
f 884/1287 883/1286 880/1325 879/1326
f 882/1293 1751/1292 1757/1327 872/1328
f 883/1286 881/1289 878/1329 880/1325
f 877/1295 874/1330 873/1318 875/1296
f 956/1310 957/1314 885/1331 886/1288
f 960/1309 963/1306 986/1332 985/1333
f 1036/1324 1363/1323 1358/1298 1035/1297
f 879/1326 880/1325 877/1295 876/1294
f 875/1296 873/1318 1755/1317 1758/1334
f 872/1328 1757/1327 1756/1316 871/1315
f 880/1325 878/1329 874/1330 877/1295
f 1161/1335 1133/1336 1365/1337 1364/1338
f 1141/1322 1361/1321 1360/1302 1040/1301
f 963/1306 962/1305 966/1339 986/1332
f 1146/1340 1162/1341 1367/1342 1366/1343
f 962/1305 1760/1344 1759/1345 966/1339
f 1162/1341 1161/1335 1364/1338 1367/1342
f 961/1311 960/1309 985/1333 955/1346
f 1142/1347 1368/1348 1365/1337 1133/1336
f 878/1329 872/1349 871/1315 874/1330
f 874/1330 871/1315 873/1318
f 959/1308 958/1307 888/1285 887/1284
f 886/1288 885/1331 882/1350 881/1289
f 958/1307 956/1310 886/1288 888/1285
f 960/1309 961/1311 957/1314 956/1310
f 957/1314 1753/1313 1752/1351 885/1331
f 881/1289 882/1350 872/1349 878/1329
g Group22888
f 1002/1352 1001/1353 998/1354
g Group22918
f 1089/1090 1090/1210 1073/1211 1074/1082
g Group22888
f 1002/1352 998/1354 1003/1355 1005/1356
g Group22978
f 1112/1169 1117/1279 1116/1274
g Group22888
f 1012/1357 1011/1358 1001/1353 1002/1352
g Group22948
f 1062/1359 1124/1174 1125/1129 1063/1128
g Group22888
f 949/1108 1015/1360 1006/1361 940/1119
f 1003/1355 937/1362 940/1363 1006/1364
g Group22918
f 1135/1121 1139/1365 1138/1120
g Group22888
f 998/1354 932/1068 937/1362 1003/1355
f 1001/1353 935/1069 932/1068 998/1354
f 1011/1358 945/1078 935/1069 1001/1353
g Group22918
f 1090/1277 1093/1271 1094/1366 1091/1367
g Group22948
f 1058/1250 1059/1368 1046/1369 1047/1245
g Group22918
f 1092/1370 1154/1371 1139/1372 1076/1373
g Group22888
f 1016/1374 1015/1360 1019/1375
g Group22918
f 1075/1189 1076/1376 1072/1190
g Group22903
f 1097/1125 1100/1377 1098/1126
f 1100/1378 1164/1379 1160/1281 1098/1280
g Group22888
f 1005/1356 1003/1355 1006/1364
g Group22948
f 1122/1141 1110/1140 1113/1380 1126/1130
g Group22888
f 1016/1374 1012/1357 1002/1352 1005/1356
f 1015/1360 949/1108 953/1107 1019/1375
g Group22918
f 1154/1134 1156/1085 1153/1084
g Group22888
f 1015/1360 1016/1374 1005/1356 1006/1361
g Group22903
f 1158/1162 1159/1147 1164/1146 1163/1117
g Group22888
f 1012/1357 1014/1381 1011/1358
g Group22903
f 1086/1087 1079/1073 1077/1076 1084/1106
g Group22888
f 1016/1374 1019/1375 1014/1381 1012/1357
g Group22918
f 1151/1089 1137/1110 1136/1112 1152/1083
g Group22888
f 1019/1375 953/1107 948/1127 1014/1381
f 1014/1381 948/1127 945/1078 1011/1358
g Group22933
f 1007/1382 1008/1154 1004/1153
g Group22948
f 1126/1130 1125/1129 1122/1141
g Group22933
f 1119/1097 1123/1096 1118/1383
g Group22903
f 1147/1091 1144/1075 1148/1161
g Group22933
f 1017/1384 1018/1155 1008/1154 1007/1382
g Group22903
f 1159/1147 1149/1151 1150/1150 1160/1145
g Group22933
f 1118/1385 1017/1384 1007/1382 1106/1386
f 1056/1152 1061/1158 1057/1142
g Group22948
f 1110/1244 1108/1139 1104/1242 1105/1237
g Group22903
f 1087/1088 1150/1150 1145/1074 1079/1073
g Group22933
f 1118/1385 1106/1386 1107/1144 1119/1387
f 1118/1383 1123/1096 1020/1163 1017/1384
g Group22948
f 1058/1250 1120/1159 1124/1174 1062/1359
g Group22933
f 1007/1382 1004/1153 1103/1156 1106/1386
g Group22948
f 1059/1368 1060/1164 1048/1261 1046/1369
g Group22933
f 1017/1384 1020/1163 1018/1155
g Group22948
f 1046/1369 1042/1243 1047/1245
g Group22933
f 1056/1152 1057/1142 1045/1123 1044/1122
g Group22903
f 1163/1117 1157/1093 1158/1162
g Group22933
f 1103/1156 1107/1144 1106/1386
g Group22963
f 967/1388 968/1389 964/1390
g Group22918
f 1072/1116 1135/1115 1134/1080 1071/1079
g Group22903
f 1096/1105 1099/1118 1100/1377 1097/1125
g Group22963
f 980/1391 981/1392 968/1389 967/1388
g Group22978
f 1066/1256 1069/1224 1070/1227 1067/1257
g Group22963
f 917/1194 983/1393 970/1394 903/1198
f 965/1395 891/1396 903/1397 970/1398
f 982/1399 980/1391 967/1388 969/1400
g Group22948
f 1059/1368 1062/1359 1063/1128 1060/1164
g Group22963
f 968/1389 901/1166 890/1165 964/1390
f 981/1392 915/1173 901/1166 968/1389
f 964/1390 890/1165 891/1396 965/1395
f 982/1399 988/1401 987/1402 980/1391
g Group22993
f 999/1200 997/1182 1000/1208
g Group22963
f 982/1399 983/1393 988/1401
g Group22978
f 1130/1278 1132/1226 1129/1269
g Group22963
f 967/1388 964/1390 965/1395 969/1400
g Group22993
f 978/1202 974/1179 997/1182 999/1200
g Group22963
f 969/1400 965/1395 970/1398
g Group22903
f 1099/1118 1163/1117 1164/1379 1100/1378
g Group22963
f 983/1393 917/1194 920/1193 988/1401
g Group22993
f 1009/1175 1010/1199 1013/1176
g Group22963
f 983/1393 982/1399 969/1400 970/1394
f 988/1401 920/1193 919/1192 987/1402
f 980/1391 987/1402 981/1392
g Group22918
f 1089/1090 1151/1089 1155/1086 1093/1271
f 1094/1273 1156/1272 1154/1371 1092/1370
g Group22978
f 1054/1219 1055/1218 1050/1168
g Group22963
f 987/1402 919/1192 915/1173 981/1392
g Group23008
f 975/1403 971/1240 972/1239
g Group22978
f 1067/1216 1070/1227 1068/1217
g Group23008
f 975/1403 972/1239 973/1234 976/1404
g Group22948
f 1109/1160 1104/1242 1108/1139
g Group23008
f 989/1405 984/1241 971/1240 975/1403
g Group22948
f 1121/1138 1122/1141 1125/1129 1124/1174
g Group22978
f 1055/1218 1117/1279 1112/1169 1050/1168
f 1068/1217 1130/1278 1117/1279 1055/1218
g Group22948
f 1048/1261 1043/1406 1042/1243 1046/1369
f 1048/1261 1051/1260 1043/1406
g Group23008
f 991/1407 990/1228 995/1255
g Group22918
f 1073/1191 1071/1079 1074/1082
f 1091/1367 1094/1366 1092/1408
g Group23008
f 976/1404 973/1234 977/1233
f 991/1407 989/1405 975/1403 976/1404
f 990/1228 991/1407 976/1404 977/1229
f 989/1405 994/1263 984/1241
f 991/1407 995/1255 994/1263 989/1405
g Group22993
f 996/1177 930/1197 927/1186 993/1185
g Group22948
f 1064/1409 1126/1410 1113/1236 1051/1235
g Group22993
f 978/1202 979/1188 974/1179
g Group22978
f 1065/1248 1066/1256 1053/1259 1052/1249
g Group22948
f 1059/1368 1058/1250 1062/1359
g Group22903
f 1096/1105 1095/1094 1099/1118
g Group22993
f 992/1178 993/1185 979/1188 978/1202
g Group22873
f 1165/1411 1166/1412 1370/1413 1369/1414
f 1167/1415 1168/1416 1310/1417 1309/1418
f 1169/1419 1170/1420 1312/1421 1311/1422
f 1171/1423 1172/1424 1371/1425 1356/1062
f 1173/1426 1174/1427 1373/1428 1372/1429
f 1175/1430 1176/1431 1314/1432 1313/1433
f 1170/1420 1177/1434 1315/1435 1312/1421
f 1166/1412 1178/1436 1374/1437 1370/1413
f 1177/1434 1167/1415 1309/1418 1315/1435
f 1168/1416 1346/1010 1373/1428 1174/1427
f 1178/1436 1173/1426 1372/1429 1374/1437
f 1180/1438 1317/1439 1316/1440 1179/1441
f 1176/1431 1169/1419 1311/1422 1314/1432
f 1182/1442 1319/1443 1318/1444 1181/1445
f 1175/1430 1182/1442 1355/1054 1349/1033
f 1181/1445 1318/1444 1317/1439 1180/1438
f 1171/1423 1179/1441 1316/1440 1320/1446
f 1172/1424 1165/1447 1369/1448 1371/1425
g Group23023
f 1184/1449 1376/1450 1375/1451 1183/1452
f 1186/1453 1322/1454 1321/1455 1185/1456
f 1188/1457 1324/1458 1323/1459 1187/1460
f 1190/1461 1368/1348 1377/1462 1189/1463
f 1192/1464 1379/1465 1378/1466 1191/1467
f 1194/1468 1326/1469 1325/1470 1193/1471
f 1187/1460 1323/1459 1327/1472 1195/1473
f 1183/1452 1375/1451 1380/1474 1196/1475
f 1195/1473 1327/1472 1322/1454 1186/1453
f 1185/1456 1191/1467 1378/1466 1357/1299
f 1196/1475 1380/1474 1379/1465 1192/1464
f 1197/1476 1198/1477 1329/1478 1328/1479
f 1193/1471 1325/1470 1324/1458 1188/1457
f 1199/1480 1200/1481 1331/1482 1330/1483
f 1194/1468 1362/1320 1366/1343 1199/1480
f 1200/1481 1197/1476 1328/1479 1331/1482
f 1190/1461 1332/1484 1329/1478 1198/1477
f 1189/1463 1377/1462 1376/1485 1184/1486
g Group22873
f 1201/1487 1202/1488 1334/1489 1333/1490
f 1203/1491 1204/1492 1335/1493 1320/1446
f 1205/1494 1206/1495 1337/1496 1336/1497
f 1202/1488 1207/1498 1338/1499 1334/1489
f 1208/1500 1310/1417 1337/1496 1206/1495
f 1207/1498 1205/1494 1336/1497 1338/1499
f 1209/1501 1210/1502 1319/1443 1313/1433
f 1204/1492 1201/1503 1333/1504 1335/1493
g Group23023
f 1212/1505 1340/1506 1339/1507 1211/1508
f 1214/1509 1332/1484 1341/1510 1213/1511
f 1216/1512 1343/1513 1342/1514 1215/1515
f 1211/1508 1339/1507 1344/1516 1217/1517
f 1218/1518 1215/1515 1342/1514 1321/1455
f 1217/1517 1344/1516 1343/1513 1216/1512
f 1220/1519 1326/1469 1330/1483 1219/1520
f 1213/1511 1341/1510 1340/1521 1212/1522
g Group22873
f 1221/1523 1208/1500 1274/1524 1273/1525
f 1222/1526 1223/1527 1276/1528 1275/1529
f 1209/1501 1224/1530 1278/1531 1277/1532
f 1223/1527 1225/1533 1279/1534 1276/1528
f 1225/1533 1221/1523 1273/1525 1279/1534
f 1227/1535 1281/1536 1280/1537 1226/1538
f 1224/1530 1222/1526 1275/1529 1278/1531
f 1210/1502 1283/1539 1282/1540 1228/1541
f 1228/1541 1282/1540 1281/1536 1227/1535
f 1203/1491 1226/1538 1280/1537 1284/1542
g Group23023
f 1229/1543 1286/1544 1285/1545 1218/1518
f 1231/1546 1288/1547 1287/1548 1230/1549
f 1220/1519 1290/1550 1289/1551 1232/1552
f 1230/1549 1287/1548 1291/1553 1233/1554
f 1233/1554 1291/1553 1286/1544 1229/1543
f 1234/1555 1235/1556 1293/1557 1292/1558
f 1232/1552 1289/1551 1288/1547 1231/1546
f 1219/1520 1236/1559 1295/1560 1294/1561
f 1236/1559 1234/1555 1292/1558 1295/1560
f 1214/1509 1296/1562 1293/1557 1235/1556
g Group22873
f 1237/1563 1238/1564 1298/1565 1297/1566
f 1239/1567 1240/1568 1299/1569 1284/1542
f 1241/1570 1242/1571 1301/1572 1300/1573
f 1238/1564 1243/1574 1302/1575 1298/1565
f 1244/1576 1274/1524 1301/1572 1242/1571
f 1243/1574 1241/1570 1300/1573 1302/1575
f 1245/1577 1246/1578 1283/1539 1277/1532
f 1240/1568 1237/1579 1297/1580 1299/1569
g Group23023
f 1248/1581 1304/1582 1303/1583 1247/1584
f 1250/1585 1296/1562 1305/1586 1249/1587
f 1252/1588 1307/1589 1306/1590 1251/1591
f 1247/1584 1303/1583 1308/1592 1253/1593
f 1254/1594 1251/1591 1306/1590 1285/1545
f 1253/1593 1308/1592 1307/1589 1252/1588
f 1256/1595 1290/1550 1294/1561 1255/1596
f 1249/1587 1305/1586 1304/1597 1248/1598
g Group22873
f 1257/1599 1244/1576 1388/1600 1401/1601
f 1258/1602 1259/1603 1403/1604 1402/1605
f 1245/1577 1260/1606 1404/1607 1389/1608
f 1259/1603 1261/1609 1405/1610 1403/1604
f 1261/1609 1257/1599 1401/1601 1405/1610
f 1263/1611 1407/1612 1406/1613 1262/1614
f 1260/1606 1258/1602 1402/1605 1404/1607
f 1246/1578 1390/1615 1408/1616 1264/1617
f 1264/1617 1408/1616 1407/1612 1263/1611
f 1239/1567 1262/1614 1406/1613 1383/1618
g Group23023
f 1265/1619 1409/1620 1398/1621 1254/1594
f 1267/1622 1411/1623 1410/1624 1266/1625
f 1256/1595 1400/1626 1412/1627 1268/1628
f 1266/1625 1410/1624 1413/1629 1269/1630
f 1269/1630 1413/1629 1409/1620 1265/1619
f 1270/1631 1271/1632 1415/1633 1414/1634
f 1268/1628 1412/1627 1411/1623 1267/1622
f 1255/1596 1272/1635 1416/1636 1399/1637
f 1272/1635 1270/1631 1414/1634 1416/1636
f 1250/1585 1394/1638 1415/1633 1271/1632
g Group22873
f 1273/1525 1274/1524 1244/1576 1257/1599
f 1275/1529 1276/1528 1259/1603 1258/1602
f 1277/1532 1278/1531 1260/1606 1245/1577
f 1276/1528 1279/1534 1261/1609 1259/1603
f 1279/1534 1273/1525 1257/1599 1261/1609
f 1281/1536 1263/1611 1262/1614 1280/1537
f 1278/1531 1275/1529 1258/1602 1260/1606
f 1283/1539 1246/1578 1264/1617 1282/1540
f 1282/1540 1264/1617 1263/1611 1281/1536
f 1284/1542 1280/1537 1262/1614 1239/1567
g Group23023
f 1286/1544 1265/1619 1254/1594 1285/1545
f 1288/1547 1267/1622 1266/1625 1287/1548
f 1290/1550 1256/1595 1268/1628 1289/1551
f 1287/1548 1266/1625 1269/1630 1291/1553
f 1291/1553 1269/1630 1265/1619 1286/1544
f 1292/1558 1293/1557 1271/1632 1270/1631
f 1289/1551 1268/1628 1267/1622 1288/1547
f 1294/1561 1295/1560 1272/1635 1255/1596
f 1295/1560 1292/1558 1270/1631 1272/1635
f 1296/1562 1250/1585 1271/1632 1293/1557
g Group22873
f 1297/1566 1298/1565 1202/1488 1201/1487
f 1284/1542 1299/1569 1204/1492 1203/1491
f 1300/1573 1301/1572 1206/1495 1205/1494
f 1298/1565 1302/1575 1207/1498 1202/1488
f 1274/1524 1208/1500 1206/1495 1301/1572
f 1302/1575 1300/1573 1205/1494 1207/1498
f 1277/1532 1283/1539 1210/1502 1209/1501
f 1299/1569 1297/1580 1201/1503 1204/1492
g Group23023
f 1304/1582 1212/1505 1211/1508 1303/1583
f 1296/1562 1214/1509 1213/1511 1305/1586
f 1307/1589 1216/1512 1215/1515 1306/1590
f 1303/1583 1211/1508 1217/1517 1308/1592
f 1285/1545 1306/1590 1215/1515 1218/1518
f 1308/1592 1217/1517 1216/1512 1307/1589
f 1290/1550 1220/1519 1219/1520 1294/1561
f 1305/1586 1213/1511 1212/1522 1304/1597
g Group22873
f 1309/1418 1310/1417 1208/1500 1221/1523
f 1311/1422 1312/1421 1223/1527 1222/1526
f 1313/1433 1314/1432 1224/1530 1209/1501
f 1312/1421 1315/1435 1225/1533 1223/1527
f 1315/1435 1309/1418 1221/1523 1225/1533
f 1317/1439 1227/1535 1226/1538 1316/1440
f 1314/1432 1311/1422 1222/1526 1224/1530
f 1319/1443 1210/1502 1228/1541 1318/1444
f 1318/1444 1228/1541 1227/1535 1317/1439
f 1320/1446 1316/1440 1226/1538 1203/1491
g Group23023
f 1322/1454 1229/1543 1218/1518 1321/1455
f 1324/1458 1231/1546 1230/1549 1323/1459
f 1326/1469 1220/1519 1232/1552 1325/1470
f 1323/1459 1230/1549 1233/1554 1327/1472
f 1327/1472 1233/1554 1229/1543 1322/1454
f 1328/1479 1329/1478 1235/1556 1234/1555
f 1325/1470 1232/1552 1231/1546 1324/1458
f 1330/1483 1331/1482 1236/1559 1219/1520
f 1331/1482 1328/1479 1234/1555 1236/1559
f 1332/1484 1214/1509 1235/1556 1329/1478
g Group22873
f 1333/1490 1334/1489 1166/1412 1165/1411
f 1320/1446 1335/1493 1172/1424 1171/1423
f 1336/1497 1337/1496 1174/1427 1173/1426
f 1334/1489 1338/1499 1178/1436 1166/1412
f 1310/1417 1168/1416 1174/1427 1337/1496
f 1338/1499 1336/1497 1173/1426 1178/1436
f 1313/1433 1319/1443 1182/1442 1175/1430
f 1335/1493 1333/1504 1165/1447 1172/1424
g Group23023
f 1340/1506 1184/1449 1183/1452 1339/1507
f 1332/1484 1190/1461 1189/1463 1341/1510
f 1343/1513 1192/1464 1191/1467 1342/1514
f 1339/1507 1183/1452 1196/1475 1344/1516
f 1321/1455 1342/1514 1191/1467 1185/1456
f 1344/1516 1196/1475 1192/1464 1343/1513
f 1326/1469 1194/1468 1199/1480 1330/1483
f 1341/1510 1189/1463 1184/1486 1340/1521
g Group22873
f 1345/1011 1346/1010 1168/1416 1167/1415
f 1347/1015 1348/1014 1170/1420 1169/1419
f 1349/1033 1350/1032 1176/1431 1175/1430
f 1348/1014 1351/1035 1177/1434 1170/1420
f 1351/1035 1345/1011 1167/1415 1177/1434
f 1353/1049 1180/1438 1179/1441 1352/1050
f 1350/1032 1347/1015 1169/1419 1176/1431
f 1355/1054 1182/1442 1181/1445 1354/1055
f 1354/1055 1181/1445 1180/1438 1353/1049
f 1356/1062 1352/1050 1179/1441 1171/1423
g Group23023
f 1358/1298 1186/1453 1185/1456 1357/1299
f 1360/1302 1188/1457 1187/1460 1359/1303
f 1362/1320 1194/1468 1193/1471 1361/1321
f 1359/1303 1187/1460 1195/1473 1363/1323
f 1363/1323 1195/1473 1186/1453 1358/1298
f 1364/1338 1365/1337 1198/1477 1197/1476
f 1361/1321 1193/1471 1188/1457 1360/1302
f 1366/1343 1367/1342 1200/1481 1199/1480
f 1367/1342 1364/1338 1197/1476 1200/1481
f 1368/1348 1190/1461 1198/1477 1365/1337
g Group22873
f 1369/1414 1370/1413 1028/1639 1030/1640
f 1356/1062 1371/1425 1081/1641 1082/1061
f 1372/1429 1373/1428 1024/1642 1025/1643
f 1370/1413 1374/1437 1026/1644 1028/1639
f 1346/1010 1021/1009 1024/1642 1373/1428
f 1374/1437 1372/1429 1025/1643 1026/1644
f 1349/1033 1355/1054 1085/1053 1080/1030
f 1371/1425 1369/1448 1030/1645 1081/1641
g Group23023
f 1376/1450 1039/1646 1037/1647 1375/1451
f 1368/1348 1142/1347 1140/1648 1377/1462
f 1379/1465 1031/1649 1033/1650 1378/1466
f 1375/1451 1037/1647 1032/1651 1380/1474
f 1357/1299 1378/1466 1033/1650 1034/1300
f 1380/1474 1032/1651 1031/1649 1379/1465
f 1362/1320 1143/1319 1146/1340 1366/1343
f 1377/1462 1140/1648 1039/1652 1376/1485
g Group22873
f 1381/1653 1382/1654 1238/1564 1237/1563
f 1383/1618 1384/1655 1240/1568 1239/1567
f 1385/1656 1386/1657 1242/1571 1241/1570
f 1382/1654 1387/1658 1243/1574 1238/1564
f 1388/1600 1244/1576 1242/1571 1386/1657
f 1387/1658 1385/1656 1241/1570 1243/1574
f 1389/1608 1390/1615 1246/1578 1245/1577
f 1384/1655 1381/1659 1237/1579 1240/1568
g Group23023
f 1392/1660 1248/1581 1247/1584 1391/1661
f 1394/1638 1250/1585 1249/1587 1393/1662
f 1396/1663 1252/1588 1251/1591 1395/1664
f 1391/1661 1247/1584 1253/1593 1397/1665
f 1398/1621 1395/1664 1251/1591 1254/1594
f 1397/1665 1253/1593 1252/1588 1396/1663
f 1400/1626 1256/1595 1255/1596 1399/1637
f 1393/1662 1249/1587 1248/1598 1392/1666
g Group22873
f 1401/1601 1388/1600 1424/1667 1437/1668
f 1402/1605 1403/1604 1439/1669 1438/1670
f 1389/1608 1404/1607 1440/1671 1425/1672
f 1403/1604 1405/1610 1441/1673 1439/1669
f 1405/1610 1401/1601 1437/1668 1441/1673
f 1407/1612 1443/1674 1442/1675 1406/1613
f 1404/1607 1402/1605 1438/1670 1440/1671
f 1390/1615 1426/1676 1444/1677 1408/1616
f 1408/1616 1444/1677 1443/1674 1407/1612
f 1383/1618 1406/1613 1442/1675 1419/1678
g Group23023
f 1409/1620 1445/1679 1434/1680 1398/1621
f 1411/1623 1447/1681 1446/1682 1410/1624
f 1400/1626 1436/1683 1448/1684 1412/1627
f 1410/1624 1446/1682 1449/1685 1413/1629
f 1413/1629 1449/1685 1445/1679 1409/1620
f 1414/1634 1415/1633 1451/1686 1450/1687
f 1412/1627 1448/1684 1447/1681 1411/1623
f 1399/1637 1416/1636 1452/1688 1435/1689
f 1416/1636 1414/1634 1450/1687 1452/1688
f 1394/1638 1430/1690 1451/1686 1415/1633
g Group22873
f 1417/1691 1418/1692 1382/1654 1381/1653
f 1419/1678 1420/1693 1384/1655 1383/1618
f 1421/1694 1422/1695 1386/1657 1385/1656
f 1418/1692 1423/1696 1387/1658 1382/1654
f 1424/1667 1388/1600 1386/1657 1422/1695
f 1423/1696 1421/1694 1385/1656 1387/1658
f 1425/1672 1426/1676 1390/1615 1389/1608
f 1420/1693 1417/1697 1381/1659 1384/1655
g Group23023
f 1428/1698 1392/1660 1391/1661 1427/1699
f 1430/1690 1394/1638 1393/1662 1429/1700
f 1432/1701 1396/1663 1395/1664 1431/1702
f 1427/1699 1391/1661 1397/1665 1433/1703
f 1434/1680 1431/1702 1395/1664 1398/1621
f 1433/1703 1397/1665 1396/1663 1432/1701
f 1436/1683 1400/1626 1399/1637 1435/1689
f 1429/1700 1393/1662 1392/1666 1428/1704
g Group22873
f 1437/1668 1424/1667 1460/1705 1473/1706
f 1438/1670 1439/1669 1475/1707 1474/1708
f 1425/1672 1440/1671 1476/1709 1461/1710
f 1439/1669 1441/1673 1477/1711 1475/1707
f 1441/1673 1437/1668 1473/1706 1477/1711
f 1443/1674 1479/1712 1478/1713 1442/1675
f 1440/1671 1438/1670 1474/1708 1476/1709
f 1426/1676 1462/1714 1480/1715 1444/1677
f 1444/1677 1480/1715 1479/1712 1443/1674
f 1419/1678 1442/1675 1478/1713 1455/1716
g Group23023
f 1445/1679 1481/1717 1470/1718 1434/1680
f 1447/1681 1483/1719 1482/1720 1446/1682
f 1436/1683 1472/1721 1484/1722 1448/1684
f 1446/1682 1482/1720 1485/1723 1449/1685
f 1449/1685 1485/1723 1481/1717 1445/1679
f 1450/1687 1451/1686 1487/1724 1486/1725
f 1448/1684 1484/1722 1483/1719 1447/1681
f 1435/1689 1452/1688 1488/1726 1471/1727
f 1452/1688 1450/1687 1486/1725 1488/1726
f 1430/1690 1466/1728 1487/1724 1451/1686
g Group22873
f 1453/1729 1454/1730 1418/1692 1417/1691
f 1455/1716 1456/1731 1420/1693 1419/1678
f 1457/1732 1458/1733 1422/1695 1421/1694
f 1454/1730 1459/1734 1423/1696 1418/1692
f 1460/1705 1424/1667 1422/1695 1458/1733
f 1459/1734 1457/1732 1421/1694 1423/1696
f 1461/1710 1462/1714 1426/1676 1425/1672
f 1456/1731 1453/1735 1417/1697 1420/1693
g Group23023
f 1464/1736 1428/1698 1427/1699 1463/1737
f 1466/1728 1430/1690 1429/1700 1465/1738
f 1468/1739 1432/1701 1431/1702 1467/1740
f 1463/1737 1427/1699 1433/1703 1469/1741
f 1470/1718 1467/1740 1431/1702 1434/1680
f 1469/1741 1433/1703 1432/1701 1468/1739
f 1472/1721 1436/1683 1435/1689 1471/1727
f 1465/1738 1429/1700 1428/1704 1464/1742
g Group22873
f 1473/1706 1460/1705 1526/1743 1525/1744
f 1474/1708 1475/1707 1528/1745 1527/1746
f 1461/1710 1476/1709 1530/1747 1529/1748
f 1475/1707 1477/1711 1531/1749 1528/1745
f 1477/1711 1473/1706 1525/1744 1531/1749
f 1479/1712 1533/1750 1532/1751 1478/1713
f 1476/1709 1474/1708 1527/1746 1530/1747
f 1462/1714 1535/1752 1534/1753 1480/1715
f 1480/1715 1534/1753 1533/1750 1479/1712
f 1455/1716 1478/1713 1532/1751 1536/1754
g Group23023
f 1481/1717 1538/1755 1537/1756 1470/1718
f 1483/1719 1540/1757 1539/1758 1482/1720
f 1472/1721 1542/1759 1541/1760 1484/1722
f 1482/1720 1539/1758 1543/1761 1485/1723
f 1485/1723 1543/1761 1538/1755 1481/1717
f 1486/1725 1487/1724 1545/1762 1544/1763
f 1484/1722 1541/1760 1540/1757 1483/1719
f 1471/1727 1488/1726 1547/1764 1546/1765
f 1488/1726 1486/1725 1544/1763 1547/1764
f 1466/1728 1548/1766 1545/1762 1487/1724
g Group22873
f 1489/1767 1490/1768 1550/1769 1549/1770
f 1491/1771 1492/1772 1551/1773 1536/1754
f 1493/1774 1494/1775 1553/1776 1552/1777
f 1490/1768 1495/1778 1554/1779 1550/1769
f 1496/1780 1526/1743 1553/1776 1494/1775
f 1495/1778 1493/1774 1552/1777 1554/1779
f 1497/1781 1498/1782 1535/1752 1529/1748
f 1492/1772 1489/1783 1549/1784 1551/1773
g Group23023
f 1500/1785 1556/1786 1555/1787 1499/1788
f 1502/1789 1548/1766 1557/1790 1501/1791
f 1504/1792 1559/1793 1558/1794 1503/1795
f 1499/1788 1555/1787 1560/1796 1505/1797
f 1506/1798 1503/1795 1558/1794 1537/1756
f 1505/1797 1560/1796 1559/1793 1504/1792
f 1508/1799 1542/1759 1546/1765 1507/1800
f 1501/1791 1557/1790 1556/1801 1500/1802
g Group22873
f 1509/1803 1496/1780 1568/1804 1581/1805
f 1510/1806 1511/1807 1583/1808 1582/1809
f 1497/1781 1512/1810 1584/1811 1569/1812
f 1511/1807 1513/1813 1585/1814 1583/1808
f 1513/1813 1509/1803 1581/1805 1585/1814
f 1515/1815 1587/1816 1586/1817 1514/1818
f 1512/1810 1510/1806 1582/1809 1584/1811
f 1498/1782 1570/1819 1588/1820 1516/1821
f 1516/1821 1588/1820 1587/1816 1515/1815
f 1491/1771 1514/1818 1586/1817 1563/1822
g Group23023
f 1517/1823 1589/1824 1578/1825 1506/1798
f 1519/1826 1591/1827 1590/1828 1518/1829
f 1508/1799 1580/1830 1592/1831 1520/1832
f 1518/1829 1590/1828 1593/1833 1521/1834
f 1521/1834 1593/1833 1589/1824 1517/1823
f 1522/1835 1523/1836 1595/1837 1594/1838
f 1520/1832 1592/1831 1591/1827 1519/1826
f 1507/1800 1524/1839 1596/1840 1579/1841
f 1524/1839 1522/1835 1594/1838 1596/1840
f 1502/1789 1574/1842 1595/1837 1523/1836
g Group22873
f 1525/1744 1526/1743 1496/1780 1509/1803
f 1527/1746 1528/1745 1511/1807 1510/1806
f 1529/1748 1530/1747 1512/1810 1497/1781
f 1528/1745 1531/1749 1513/1813 1511/1807
f 1531/1749 1525/1744 1509/1803 1513/1813
f 1533/1750 1515/1815 1514/1818 1532/1751
f 1530/1747 1527/1746 1510/1806 1512/1810
f 1535/1752 1498/1782 1516/1821 1534/1753
f 1534/1753 1516/1821 1515/1815 1533/1750
f 1536/1754 1532/1751 1514/1818 1491/1771
g Group23023
f 1538/1755 1517/1823 1506/1798 1537/1756
f 1540/1757 1519/1826 1518/1829 1539/1758
f 1542/1759 1508/1799 1520/1832 1541/1760
f 1539/1758 1518/1829 1521/1834 1543/1761
f 1543/1761 1521/1834 1517/1823 1538/1755
f 1544/1763 1545/1762 1523/1836 1522/1835
f 1541/1760 1520/1832 1519/1826 1540/1757
f 1546/1765 1547/1764 1524/1839 1507/1800
f 1547/1764 1544/1763 1522/1835 1524/1839
f 1548/1766 1502/1789 1523/1836 1545/1762
g Group22873
f 1549/1770 1550/1769 1454/1730 1453/1729
f 1536/1754 1551/1773 1456/1731 1455/1716
f 1552/1777 1553/1776 1458/1733 1457/1732
f 1550/1769 1554/1779 1459/1734 1454/1730
f 1526/1743 1460/1705 1458/1733 1553/1776
f 1554/1779 1552/1777 1457/1732 1459/1734
f 1529/1748 1535/1752 1462/1714 1461/1710
f 1551/1773 1549/1784 1453/1735 1456/1731
g Group23023
f 1556/1786 1464/1736 1463/1737 1555/1787
f 1548/1766 1466/1728 1465/1738 1557/1790
f 1559/1793 1468/1739 1467/1740 1558/1794
f 1555/1787 1463/1737 1469/1741 1560/1796
f 1537/1756 1558/1794 1467/1740 1470/1718
f 1560/1796 1469/1741 1468/1739 1559/1793
f 1542/1759 1472/1721 1471/1727 1546/1765
f 1557/1790 1465/1738 1464/1742 1556/1801
g Group22873
f 1561/1843 1562/1844 1490/1768 1489/1767
f 1563/1822 1564/1845 1492/1772 1491/1771
f 1565/1846 1566/1847 1494/1775 1493/1774
f 1562/1844 1567/1848 1495/1778 1490/1768
f 1568/1804 1496/1780 1494/1775 1566/1847
f 1567/1848 1565/1846 1493/1774 1495/1778
f 1569/1812 1570/1819 1498/1782 1497/1781
f 1564/1845 1561/1849 1489/1783 1492/1772
g Group23023
f 1572/1850 1500/1785 1499/1788 1571/1851
f 1574/1842 1502/1789 1501/1791 1573/1852
f 1576/1853 1504/1792 1503/1795 1575/1854
f 1571/1851 1499/1788 1505/1797 1577/1855
f 1578/1825 1575/1854 1503/1795 1506/1798
f 1577/1855 1505/1797 1504/1792 1576/1853
f 1580/1830 1508/1799 1507/1800 1579/1841
f 1573/1852 1501/1791 1500/1802 1572/1856
g Group22873
f 1581/1805 1568/1804 1604/1857 1617/1858
f 1582/1809 1583/1808 1619/1859 1618/1860
f 1569/1812 1584/1811 1620/1861 1605/1862
f 1583/1808 1585/1814 1621/1863 1619/1859
f 1585/1814 1581/1805 1617/1858 1621/1863
f 1587/1816 1623/1864 1622/1865 1586/1817
f 1584/1811 1582/1809 1618/1860 1620/1861
f 1570/1819 1606/1866 1624/1867 1588/1820
f 1588/1820 1624/1867 1623/1864 1587/1816
f 1563/1822 1586/1817 1622/1865 1599/1868
g Group23023
f 1589/1824 1625/1869 1614/1870 1578/1825
f 1591/1827 1627/1871 1626/1872 1590/1828
f 1580/1830 1616/1873 1628/1874 1592/1831
f 1590/1828 1626/1872 1629/1875 1593/1833
f 1593/1833 1629/1875 1625/1869 1589/1824
f 1594/1838 1595/1837 1631/1876 1630/1877
f 1592/1831 1628/1874 1627/1871 1591/1827
f 1579/1841 1596/1840 1632/1878 1615/1879
f 1596/1840 1594/1838 1630/1877 1632/1878
f 1574/1842 1610/1880 1631/1876 1595/1837
g Group22873
f 1597/1881 1598/1882 1562/1844 1561/1843
f 1599/1868 1600/1883 1564/1845 1563/1822
f 1601/1884 1602/1885 1566/1847 1565/1846
f 1598/1882 1603/1886 1567/1848 1562/1844
f 1604/1857 1568/1804 1566/1847 1602/1885
f 1603/1886 1601/1884 1565/1846 1567/1848
f 1605/1862 1606/1866 1570/1819 1569/1812
f 1600/1883 1597/1887 1561/1849 1564/1845
g Group23023
f 1608/1888 1572/1850 1571/1851 1607/1889
f 1610/1880 1574/1842 1573/1852 1609/1890
f 1612/1891 1576/1853 1575/1854 1611/1892
f 1607/1889 1571/1851 1577/1855 1613/1893
f 1614/1870 1611/1892 1575/1854 1578/1825
f 1613/1893 1577/1855 1576/1853 1612/1891
f 1616/1873 1580/1830 1579/1841 1615/1879
f 1609/1890 1573/1852 1572/1856 1608/1894
g Group22873
f 1617/1858 1604/1857 1640/1895 1653/1896
f 1618/1860 1619/1859 1655/1897 1654/1898
f 1605/1862 1620/1861 1656/1899 1641/1900
f 1619/1859 1621/1863 1657/1901 1655/1897
f 1621/1863 1617/1858 1653/1896 1657/1901
f 1623/1864 1659/1902 1658/1903 1622/1865
f 1620/1861 1618/1860 1654/1898 1656/1899
f 1606/1866 1642/1904 1660/1905 1624/1867
f 1624/1867 1660/1905 1659/1902 1623/1864
f 1599/1868 1622/1865 1658/1903 1635/1906
g Group23023
f 1625/1869 1661/1907 1650/1908 1614/1870
f 1627/1871 1663/1909 1662/1910 1626/1872
f 1616/1873 1652/1911 1664/1912 1628/1874
f 1626/1872 1662/1910 1665/1913 1629/1875
f 1629/1875 1665/1913 1661/1907 1625/1869
f 1630/1877 1631/1876 1667/1914 1666/1915
f 1628/1874 1664/1912 1663/1909 1627/1871
f 1615/1879 1632/1878 1668/1916 1651/1917
f 1632/1878 1630/1877 1666/1915 1668/1916
f 1610/1880 1646/1918 1667/1914 1631/1876
g Group22873
f 1633/1919 1634/1920 1598/1882 1597/1881
f 1635/1906 1636/1921 1600/1883 1599/1868
f 1637/1922 1638/1923 1602/1885 1601/1884
f 1634/1920 1639/1924 1603/1886 1598/1882
f 1640/1895 1604/1857 1602/1885 1638/1923
f 1639/1924 1637/1922 1601/1884 1603/1886
f 1641/1900 1642/1904 1606/1866 1605/1862
f 1636/1921 1633/1925 1597/1887 1600/1883
g Group23023
f 1644/1926 1608/1888 1607/1889 1643/1927
f 1646/1918 1610/1880 1609/1890 1645/1928
f 1648/1929 1612/1891 1611/1892 1647/1930
f 1643/1927 1607/1889 1613/1893 1649/1931
f 1650/1908 1647/1930 1611/1892 1614/1870
f 1649/1931 1613/1893 1612/1891 1648/1929
f 1652/1911 1616/1873 1615/1879 1651/1917
f 1645/1928 1609/1890 1608/1894 1644/1932
g Group22873
f 1653/1896 1640/1895 1676/1933 1689/1934
f 1654/1898 1655/1897 1691/1935 1690/1936
f 1641/1900 1656/1899 1692/1937 1677/1938
f 1655/1897 1657/1901 1693/1939 1691/1935
f 1657/1901 1653/1896 1689/1934 1693/1939
f 1659/1902 1695/1940 1694/1941 1658/1903
f 1656/1899 1654/1898 1690/1936 1692/1937
f 1642/1904 1678/1942 1696/1943 1660/1905
f 1660/1905 1696/1943 1695/1940 1659/1902
f 1635/1906 1658/1903 1694/1941 1671/1944
g Group23023
f 1661/1907 1697/1945 1686/1946 1650/1908
f 1663/1909 1699/1947 1698/1948 1662/1910
f 1652/1911 1688/1949 1700/1950 1664/1912
f 1662/1910 1698/1948 1701/1951 1665/1913
f 1665/1913 1701/1951 1697/1945 1661/1907
f 1666/1915 1667/1914 1703/1952 1702/1953
f 1664/1912 1700/1950 1699/1947 1663/1909
f 1651/1917 1668/1916 1704/1954 1687/1955
f 1668/1916 1666/1915 1702/1953 1704/1954
f 1646/1918 1682/1956 1703/1952 1667/1914
g Group22873
f 1669/1957 1670/1958 1634/1920 1633/1919
f 1671/1944 1672/1959 1636/1921 1635/1906
f 1673/1960 1674/1961 1638/1923 1637/1922
f 1670/1958 1675/1962 1639/1924 1634/1920
f 1676/1933 1640/1895 1638/1923 1674/1961
f 1675/1962 1673/1960 1637/1922 1639/1924
f 1677/1938 1678/1942 1642/1904 1641/1900
f 1672/1959 1669/1963 1633/1925 1636/1921
g Group23023
f 1680/1964 1644/1926 1643/1927 1679/1965
f 1682/1956 1646/1918 1645/1928 1681/1966
f 1684/1967 1648/1929 1647/1930 1683/1968
f 1679/1965 1643/1927 1649/1931 1685/1969
f 1686/1946 1683/1968 1647/1930 1650/1908
f 1685/1969 1649/1931 1648/1929 1684/1967
f 1688/1949 1652/1911 1651/1917 1687/1955
f 1681/1966 1645/1928 1644/1932 1680/1970
g Group22873
f 1689/1934 1676/1933 1712/1971 1725/1972
f 1690/1936 1691/1935 1727/1973 1726/1974
f 1677/1938 1692/1937 1728/1975 1713/1976
f 1691/1935 1693/1939 1729/1977 1727/1973
f 1693/1939 1689/1934 1725/1972 1729/1977
f 1695/1940 1731/1978 1730/1979 1694/1941
f 1692/1937 1690/1936 1726/1974 1728/1975
f 1678/1942 1714/1980 1732/1981 1696/1943
f 1696/1943 1732/1981 1731/1978 1695/1940
f 1671/1944 1694/1941 1730/1979 1707/1982
g Group23023
f 1697/1945 1733/1983 1722/1984 1686/1946
f 1699/1947 1735/1985 1734/1986 1698/1948
f 1688/1949 1724/1987 1736/1988 1700/1950
f 1698/1948 1734/1986 1737/1989 1701/1951
f 1701/1951 1737/1989 1733/1983 1697/1945
f 1702/1953 1703/1952 1739/1990 1738/1991
f 1700/1950 1736/1988 1735/1985 1699/1947
f 1687/1955 1704/1954 1740/1992 1723/1993
f 1704/1954 1702/1953 1738/1991 1740/1992
f 1682/1956 1718/1994 1739/1990 1703/1952
g Group22873
f 1705/1995 1706/1996 1670/1958 1669/1957
f 1707/1982 1708/1997 1672/1959 1671/1944
f 1709/1998 1710/1999 1674/1961 1673/1960
f 1706/1996 1711/2000 1675/1962 1670/1958
f 1712/1971 1676/1933 1674/1961 1710/1999
f 1711/2000 1709/1998 1673/1960 1675/1962
f 1713/1976 1714/1980 1678/1942 1677/1938
f 1708/1997 1705/2001 1669/1963 1672/1959
g Group23023
f 1716/2002 1680/1964 1679/1965 1715/2003
f 1718/1994 1682/1956 1681/1966 1717/2004
f 1720/2005 1684/1967 1683/1968 1719/2006
f 1715/2003 1679/1965 1685/1969 1721/2007
f 1722/1984 1719/2006 1683/1968 1686/1946
f 1721/2007 1685/1969 1684/1967 1720/2005
f 1724/1987 1688/1949 1687/1955 1723/1993
f 1717/2004 1681/1966 1680/1970 1716/2008
g Group22873
f 1725/1972 1712/1971 1748/1047 1761/2009
f 1726/1974 1727/1973 1763/2010 1762/2011
f 1713/1976 1728/1975 1764/2012 1749/1058
f 1727/1973 1729/1977 1765/2013 1763/2010
f 1729/1977 1725/1972 1761/2009 1765/2013
f 1731/1978 1767/2014 1766/2015 1730/1979
f 1728/1975 1726/1974 1762/2011 1764/2012
f 1714/1980 1750/1057 1768/2016 1732/1981
f 1732/1981 1768/2016 1767/2014 1731/1978
f 1707/1982 1730/1979 1766/2015 1743/1025
g Group23023
f 1733/1983 1769/2017 1758/1334 1722/1984
f 1735/1985 1771/2018 1770/2019 1734/1986
f 1724/1987 1760/1344 1772/2020 1736/1988
f 1734/1986 1770/2019 1773/2021 1737/1989
f 1737/1989 1773/2021 1769/2017 1733/1983
f 1738/1991 1739/1990 1775/2022 1774/2023
f 1736/1988 1772/2020 1771/2018 1735/1985
f 1723/1993 1740/1992 1776/2024 1759/1345
f 1740/1992 1738/1991 1774/2023 1776/2024
f 1718/1994 1754/1312 1775/2022 1739/1990
g Group22873
f 1741/1004 1742/1003 1706/1996 1705/1995
f 1743/1025 1744/1024 1708/1997 1707/1982
f 1745/1029 1746/1028 1710/1999 1709/1998
f 1742/1003 1747/1039 1711/2000 1706/1996
f 1748/1047 1712/1971 1710/1999 1746/1028
f 1747/1039 1745/1029 1709/1998 1711/2000
f 1749/1058 1750/1057 1714/1980 1713/1976
f 1744/1024 1741/1067 1705/2001 1708/1997
g Group23023
f 1752/1291 1716/2002 1715/2003 1751/1292
f 1754/1312 1718/1994 1717/2004 1753/1313
f 1756/1316 1720/2005 1719/2006 1755/1317
f 1751/1292 1715/2003 1721/2007 1757/1327
f 1758/1334 1755/1317 1719/2006 1722/1984
f 1757/1327 1721/2007 1720/2005 1756/1316
f 1760/1344 1724/1987 1723/1993 1759/1345
f 1753/1313 1717/2004 1716/2008 1752/1351
g Group22873
f 1761/2009 1748/1047 853/1005 854/1007
f 1762/2011 1763/2010 864/996 867/995
f 1749/1058 1764/2012 889/1017 892/1016
f 1763/2010 1765/2013 856/1036 864/996
f 1765/2013 1761/2009 854/1007 856/1036
f 1767/2014 922/1045 905/1059 1766/2015
f 1764/2012 1762/2011 867/995 889/1017
f 1750/1057 899/1052 921/1046 1768/2016
f 1768/2016 921/1046 922/1045 1767/2014
f 1743/1025 1766/2015 905/1059 898/1022
g Group23023
f 1769/2017 876/1294 875/1296 1758/1334
f 1771/2018 887/1284 884/1287 1770/2019
f 1760/1344 962/1305 959/1308 1772/2020
f 1770/2019 884/1287 879/1326 1773/2021
f 1773/2021 879/1326 876/1294 1769/2017
f 1774/2023 1775/2022 955/1346 985/1333
f 1772/2020 959/1308 887/1284 1771/2018
f 1759/1345 1776/2024 986/1332 966/1339
f 1776/2024 1774/2023 985/1333 986/1332
f 1754/1312 961/1311 955/1346 1775/2022
g Group23038
f 1930/2025 1928/2026 1882/2027 1884/2028
f 1882/2027 1881/2029 1878/2030 1877/2031
f 1931/2032 1930/2025 1884/2028 1883/2033
f 1870/2034 1867/2035 1869/2036
f 1874/2037 1868/2038 1867/2035 1870/2034
f 1826/2039 1933/2040 1923/2041 1823/2042
f 1933/2040 1932/2043 1943/2044 1923/2041
f 1837/2045 1836/2046 1943/2044 1944/2047
f 1934/2048 1827/2049 1829/2050 1936/2051
f 1829/2050 1837/2045 1944/2047 1936/2051
f 1935/2052 1934/2048 1936/2051 1944/2047
f 1825/2053 1931/2032 1883/2033 1796/2054
f 1836/2046 1823/2042 1923/2041 1943/2044
f 1876/2055 1874/2037 1870/2034 1873/2056
f 1868/2038 1788/2057 1787/2058 1867/2035
f 1871/2059 1869/2036 1789/2060 1790/2061
f 1875/2062 1876/2055 1873/2056 1872/2063
f 1792/2064 1875/2062 1872/2063 1791/2065
g Group23053
f 1804/2066 1803/2067 1799/2068
f 1809/2069 1808/2070 1803/2067 1804/2066
f 1813/2071 1809/2069 1804/2066 1807/2072
f 1813/2071 1814/2073 1811/2074 1809/2069
f 1813/2071 1819/2075 1814/2073
f 1804/2066 1799/2068 1806/2076 1807/2072
f 1807/2072 1806/2076 1815/2077
f 1819/2075 1813/2071 1807/2072 1815/2077
f 1809/2069 1811/2074 1808/2070
g Group23068
f 1818/2078 1817/2079 1816/2080
f 1818/2078 1816/2080 1885/2081 1886/2082
f 1821/2083 1820/2084 1817/2079 1818/2078
f 1816/2080 1842/2085 1915/2086 1885/2081
f 1817/2079 1843/2087 1842/2085 1816/2080
f 1820/2084 1846/2088 1843/2087 1817/2079
f 1889/2089 1821/2083 1818/2078 1886/2090
f 1821/2083 1822/2091 1820/2084
f 1889/2089 1891/2092 1822/2091 1821/2083
f 1891/2092 1921/2093 1848/2094 1822/2091
f 1822/2091 1848/2094 1846/2088 1820/2084
g Group23083
f 1940/2095 1910/2096 1911/2097 1941/2098
f 1922/2099 1938/2100 1926/2101 1918/2102
f 1922/2099 1892/2103 1910/2096 1940/2095
f 1926/2101 1924/2104 1918/2102
f 1927/2105 1925/2106 1924/2104 1926/2101
f 1938/2100 1922/2099 1940/2095
f 1938/2100 1940/2095 1941/2098 1939/2107
f 1925/2106 1894/2108 1893/2109 1924/2104
f 1942/2110 1912/2111 1905/2112 1937/2113
f 1937/2113 1905/2112 1894/2108 1925/2106
f 1938/2100 1939/2107 1927/2105 1926/2101
f 1924/2104 1893/2109 1888/2114 1918/2102
f 1892/2103 1922/2099 1918/2102 1888/2114
f 1939/2107 1942/2110 1937/2113 1927/2105
f 1927/2105 1937/2113 1925/2106
g Group23038
f 1877/2031 1878/2030 1868/2038 1874/2037
f 1929/2115 1824/2116 1795/2117 1881/2029
f 1932/2043 1933/2040 1929/2115 1928/2026
g Group23053
f 1828/2118 1830/2119 1831/2120
f 1835/2121 1831/2120 1830/2119 1834/2122
f 1819/2123 1815/2077 1841/2124 1845/2125
f 1832/2126 1841/2124 1815/2077 1806/2076
f 1839/2127 1833/2128 1831/2129 1835/2130
f 1830/2119 1828/2118 1799/2068 1803/2067
f 1834/2122 1830/2119 1803/2067 1808/2070
f 1828/2118 1832/2126 1806/2076 1799/2068
f 1839/2127 1835/2130 1838/2131 1840/2132
f 1840/2132 1845/2125 1839/2127
f 1831/2120 1833/2128 1832/2126 1828/2118
f 1841/2124 1832/2126 1833/2128
f 1845/2125 1840/2132 1814/2133 1819/2123
f 1845/2125 1841/2124 1833/2128 1839/2127
f 1840/2132 1838/2131 1811/2134 1814/2133
f 1834/2122 1838/2135 1835/2121
f 1838/2135 1834/2122 1808/2070 1811/2074
g Group23068
f 1842/2085 1843/2087 1844/2136
f 1844/2136 1916/2137 1915/2086 1842/2085
f 1847/2138 1844/2136 1843/2087 1846/2088
f 1919/2139 1916/2137 1844/2136 1847/2138
f 1846/2088 1848/2094 1847/2138
f 1919/2139 1847/2138 1848/2094 1921/2093
g Group23098
f 1863/2140 1860/2141 1859/2142 1864/2143
f 1864/2143 1859/2142 1861/2144 1865/2145
f 1866/2146 1862/2147 1784/2148 1786/2149
f 1849/2150 1851/2151 1850/2152
f 1778/2153 1777/2154 1849/2150 1850/2152
f 1785/2155 1783/2156 1860/2141 1863/2140
f 1898/2157 1897/2158 1900/2159 1899/2160
f 1899/2160 1900/2159 1901/2161 1903/2162
f 1904/2163 1902/2164 1800/2165 1801/2166
f 1856/2167 1854/2168 1780/2169 1781/2170
f 1798/2171 1797/2172 1897/2158 1898/2157
f 1783/2156 1779/2173 1852/2174 1860/2141
f 1860/2141 1852/2174 1853/2175 1859/2142
f 1862/2147 1858/2176 1782/2177 1784/2148
f 1859/2142 1853/2175 1857/2178 1861/2144
f 1851/2151 1849/2150 1854/2168 1855/2179
f 1901/2161 1865/2145 1866/2146 1902/2164
f 1903/2162 1914/2180 1913/2181 1899/2160
f 1779/2173 1778/2153 1850/2152 1852/2174
f 1852/2174 1850/2152 1851/2151 1853/2175
f 1849/2150 1777/2154 1780/2169 1854/2168
f 1858/2176 1856/2167 1781/2170 1782/2177
f 1853/2175 1851/2151 1855/2179 1857/2178
f 1812/2182 1914/2180 1907/2183 1805/2184
f 1797/2172 1785/2155 1863/2140 1897/2158
f 1899/2160 1913/2181 1906/2185 1898/2157
f 1802/2186 1906/2185 1913/2181 1810/2187
f 1898/2157 1906/2185 1802/2186 1798/2171
f 1810/2187 1913/2181 1914/2180 1812/2182
f 1904/2163 1907/2183 1914/2180 1903/2162
f 1801/2166 1805/2184 1907/2183 1904/2163
f 1857/2178 1855/2179 1856/2167 1858/2176
f 1854/2168 1856/2167 1855/2179
f 1897/2158 1863/2140 1864/2143 1900/2159
f 1865/2145 1861/2144 1862/2147 1866/2146
f 1900/2159 1864/2143 1865/2145 1901/2161
f 1903/2162 1901/2161 1902/2164 1904/2163
f 1902/2164 1866/2146 1786/2149 1800/2165
f 1861/2144 1857/2178 1858/2176 1862/2147
g Group23083
f 1894/2108 1905/2112 1896/2188
f 1909/2189 1896/2188 1905/2112 1912/2190
f 1908/2191 1895/2192 1896/2188 1909/2189
f 1908/2191 1909/2189 1911/2097 1910/2096
f 1910/2096 1892/2103 1908/2191
f 1896/2188 1895/2192 1893/2109 1894/2108
f 1888/2114 1893/2109 1895/2192
f 1892/2103 1888/2114 1895/2192 1908/2191
f 1912/2190 1911/2097 1909/2189
g Group23068
f 1885/2081 1887/2193 1886/2082
f 1919/2139 1921/2093 1920/2194
f 1889/2089 1886/2090 1887/2195 1890/2196
f 1919/2139 1920/2194 1917/2197 1916/2137
f 1887/2193 1885/2081 1915/2086 1917/2198
f 1890/2196 1887/2195 1917/2197 1920/2194
f 1916/2137 1917/2198 1915/2086
f 1890/2196 1891/2092 1889/2089
g Group23083
f 1941/2098 1911/2097 1912/2190 1942/2199
f 1939/2107 1941/2098 1942/2199
g Group23068
f 1891/2092 1890/2196 1920/2194 1921/2093
g Group23038
f 1883/2033 1884/2028 1879/2200 1880/2201
f 1884/2028 1882/2027 1877/2031 1879/2200
f 1881/2029 1795/2117 1793/2202 1878/2030
f 1872/2063 1873/2056 1871/2059
f 1791/2065 1872/2063 1871/2059 1790/2061
f 1796/2054 1883/2033 1880/2201 1794/2203
f 1934/2048 1935/2052 1930/2025 1931/2032
f 1935/2052 1932/2043 1928/2026 1930/2025
f 1933/2040 1826/2039 1824/2116 1929/2115
f 1867/2035 1787/2058 1789/2060 1869/2036
f 1827/2049 1934/2048 1931/2032 1825/2053
f 1794/2203 1880/2201 1875/2062 1792/2064
f 1880/2201 1879/2200 1876/2055 1875/2062
f 1878/2030 1793/2202 1788/2057 1868/2038
f 1879/2200 1877/2031 1874/2037 1876/2055
f 1873/2056 1870/2034 1869/2036 1871/2059
f 1928/2026 1929/2115 1881/2029 1882/2027
f 1932/2043 1935/2052 1944/2047 1943/2044

 